bloco,chave,qtd,pct,variantes
B1_BRUTO,Regional Logistics Director | Ambev - LinkedIn,514,,
B1_BRUTO,Diretor,392,,
B1_BRUTO,Gerente de Compras,221,,
B1_BRUTO,Engenheiro de projetos na CTEEP,150,,
B1_BRUTO,Gerente de Suprimentos,131,,
B1_BRUTO,Coordenadora de Suprimentos na HBR Energy,109,,
B1_BRUTO,Procurement Director,91,,
B1_BRUTO,Presidente,74,,
B1_BRUTO,Administrador,72,,
B1_BRUTO,Diretor Comercial na DTA Engenharia,66,,
B1_BRUTO,Rio+ Saneamento BL3 S.A,65,,
B1_BRUTO,Sócio-Administrador,62,,
B1_BRUTO,Strategic Sourcing & Supply Chain,56,,
B1_BRUTO,Supply Chain,54,,
B1_BRUTO,Diretor na Secretaria da Saúde do Estado do ...,51,,
B1_BRUTO,Diretor de Projetos na Vale - LinkedIn,50,,
B1_BRUTO,Compras,47,,
B1_BRUTO,Coordenador de Engenharia at Energisa SA,42,,
B1_BRUTO,Gerente de Marketing Cemig,40,,
B1_BRUTO,Gerente de Tecnologia na Rumo,38,,
B1_BRUTO,Gerente de projetos,34,,
B1_BRUTO,Supply Chain Manager,28,,
B1_BRUTO,Engenheiro Civil,25,,
B1_BRUTO,Engenharia,23,,
B1_BRUTO,Procurement Manager,22,,
B1_BRUTO,Gerente de Suprimentos na VALE S.A.,21,,
B1_BRUTO,Gerente de manutenção,20,,
B1_BRUTO,Engenharia Civil,20,,
B1_BRUTO,Comprador,19,,
B1_BRUTO,Suprimentos,18,,
B1_BRUTO,Partner @ Vertex,18,,
B1_BRUTO,Head de Suprimentos,17,,
B1_BRUTO,Engenharia de projetos,16,,
B1_BRUTO,Gerente de Projetos,16,,
B1_BRUTO,Diretor Executivo de Regulação,16,,
B1_BRUTO,Purchasing Manager,15,,
B1_BRUTO,Gerente de suprimentos,15,,
B1_BRUTO,Diretor Comercial na Exportadora São Francisco,14,,
B1_BRUTO,Gerente geral de engenharia,14,,
B1_BRUTO,Diretor de Operações e Manutenção,14,,
B1_BRUTO,Comprador Sênior,14,,
B1_BRUTO,Gerente de engenharia na CCR S.A.,13,,
B1_BRUTO,Gerente de Compras e Planejamento na MAN-FER ...,13,,
B1_BRUTO,Executivo de Supply Chain & Operações,12,,
B1_BRUTO,Global Head of Procurement at Suzano,12,,
B1_BRUTO,Procurement Manager na M. Dias Branco - LinkedIn,11,,
B1_BRUTO,"Facilitador, articulador com boa ...",11,,
B1_BRUTO,"CEO PEC Energy (controladora Serra da Ibiapaba 4/6/7, Carnaubal CE)",11,,
B1_BRUTO,Head of Procurement,11,,
B1_BRUTO,Project Manager,10,,
B1_BRUTO,Gerente de Suprimentos & Supply Chain,10,,
B1_BRUTO,"Diretor de Suprimentos, Gerente de ...",10,,
B1_BRUTO,Head de Compras,10,,
B1_BRUTO,Engenharia  de Mecanica,10,,
B1_BRUTO,Agis construção s.a,9,,
B1_BRUTO,Coordenador de Subestações e Manutenção (Bandeirantes) — ISA CTEEP,9,,
B1_BRUTO,Diretor de Operações / Engenheiro Eletricista — Grupo Rialma,9,,
B1_BRUTO,Coordenador Regional de Operações (Sarandi) — ISA CTEEP,9,,
B1_BRUTO,Coordenador de Planejamento de Expansão e Estudos — ISA CTEEP,9,,
B1_BRUTO,Supply Chain Manager OPEX,9,,
B1_BRUTO,Senior Procurement Analyst,8,,
B1_BRUTO,Gerente de Manutenção,8,,
B1_BRUTO,Gerente de Engenharia,8,,
B1_BRUTO,Gerente de Supply Chain,7,,
B1_BRUTO,Procurement Department Manager at Petrobras,7,,
B1_BRUTO,Gerente de Compras na EDP Renováveis,7,,
B1_BRUTO,Lead Sourcing Specialist,7,,
B1_BRUTO,Strategic Sourcing,7,,
B1_BRUTO,Engenheiro Civil Especialista em RSU,7,,
B1_BRUTO,CCA+. Conselheira de Adm. da Axia Energia S.A ...,7,,
B1_BRUTO,Commercial Director Towage (Rebocadores) Wilson Sons,7,,
B1_BRUTO,Auren Energia S.A,6,,
B1_BRUTO,Sr Project engineer,6,,
B1_BRUTO,Gerente Industrial,6,,
B1_BRUTO,Gerente de Compras e Suprimentos / Executiva ...,6,,
B1_BRUTO,Comprador CAPEX,6,,
B1_BRUTO,Não especificado,6,,
B1_BRUTO,AVIVAR ALIMENTOS S/A.,6,,
B1_BRUTO,Purchasing Director at Volkswagen Group of ...,5,,
B1_BRUTO,Senior Procurement Manager,5,,
B1_BRUTO,Engenheiro civil,5,,
B1_BRUTO,Executivo de Compras| Gerente de Compras,5,,
B1_BRUTO,Engenheiro Civil Especialista na ...,5,,
B1_BRUTO,Head of Accounting at WEG,5,,
B1_BRUTO,Supply Chain / Procurement / CAPEX / Project and ...,5,,
B1_BRUTO,Engenheiro de Projetos,5,,
B1_BRUTO,Gerente Supply Chain na Louis Dreyfus Company,5,,
B1_BRUTO,--,5,,
B1_BRUTO,Diretor Comercial DP World Santos,5,,
B1_BRUTO,Supervisão,5,,
B1_BRUTO,Sócio da Vértice. Membro titular do Conselho Fiscal ...,5,,
B1_BRUTO,Head de Desenvolvimento e Compras Honda Automóveis (Itirapina),5,,
B1_BRUTO,Engenheiro Mecânico,5,,
B1_BRUTO,Gerente de Engenharia na TAESA,5,,
B1_BRUTO,Engenheiro Civil Sênior,4,,
B1_BRUTO,Procurement Manager LATAM,4,,
B1_BRUTO,Engenheiro Civil Avaliador na PETROENG,4,,
B1_BRUTO,Project Manager at Acciona Agua S.A.,4,,
B1_BRUTO,Coordenador Supply Chain — PRIO S.A.,4,,
B1_BRUTO,Engenheiro Mecânico (Gerência ...,4,,
B1_BRUTO,Gerente de Logística na Grendene S/A - LinkedIn,4,,
B1_BRUTO,COO — PRIO S.A.,4,,
B1_BRUTO,Gerente de Suprimentos Plano ...,4,,
B1_BRUTO,Strategic Sourcing Specialist at Libbs,4,,
B1_BRUTO,Diretor Supply Chain · Gerdau Aços Brasil,4,,
B1_BRUTO,Chief Procurement Officer at Petrobras ... - LinkedIn,4,,
B1_BRUTO,Gerente de Projetos ...,4,,
B1_BRUTO,Engenharia de planejamento,4,,
B1_BRUTO,SANEPAR Cia de Saneamento do Paraná,4,,
B1_BRUTO,Especialista em Strategic Sourcing,4,,
B1_BRUTO,Comprador Especialista,4,,
B1_BRUTO,Diretor de Suprimentos América Latina ...,4,,
B1_BRUTO,"Supply Chain Planning, Projects and Digital ...",4,,
B1_BRUTO,Especialistas em Logística e Supply Chain.,3,,
B1_BRUTO,MBA in Supply Chain Management.,3,,
B1_BRUTO,Compradora Capex I Axia Energia,3,,
B1_BRUTO,Gerente Industrial e de Manutenção,3,,
B1_BRUTO,Gerente de Suprimentos ...,3,,
B1_BRUTO,Gerente de Suprimentos para Projetos na Vale,3,,
B1_BRUTO,Global Procurement Leader,3,,
B1_BRUTO,Gerente de Projetos e Engenharia,3,,
B1_BRUTO,gerente de compras coamo,3,,
B1_BRUTO,Project Engineer at Crown Iron Works,3,,
B1_BRUTO,Gerente de Engenharia de Manutenção,3,,
B1_BRUTO,Gerente de Projetos Sênior ...,3,,
B1_BRUTO,Suprimentos CAPEX,3,,
B1_BRUTO,Logistics & Supply Chain,3,,
B1_BRUTO,Compradora,3,,
B1_BRUTO,Gerente de Projetos Sênior,3,,
B1_BRUTO,Contracts & Procurement Manager,3,,
B1_BRUTO,ENGENHEIRO CIVIL,3,,
B1_BRUTO,Procurement Manager Eletrobras,3,,
B1_BRUTO,"Diretos, Indiretos & CapEx",3,,
B1_BRUTO,General Operations Manager,3,,
B1_BRUTO,Senior Purchasing & Supply Chain Executive,3,,
B1_BRUTO,Executiva Sênior de Supply Chain em demandas ...,3,,
B1_BRUTO,"Gerente de Engenharia, Manutenção e Energias",3,,
B1_BRUTO,Senior Buyer,2,,
B1_BRUTO,Engenheiro civil de projetos na Companhia de ...,2,,
B1_BRUTO,Comprador Estratégico,2,,
B1_BRUTO,Gerente de Suprimentos de Projeto na ...,2,,
B1_BRUTO,Senior Procurement Manager at Thyssenkrupp,2,,
B1_BRUTO,Executivo de Supply Chain and Procurement,2,,
B1_BRUTO,Supply Chain Director,2,,
B1_BRUTO,Maintenance Manager l Technical ...,2,,
B1_BRUTO,Diretor de Engenharia,2,,
B1_BRUTO,"Purchasing, Procurement, Contracts Management",2,,
B1_BRUTO,Lead Supply Chain Optimization,2,,
B1_BRUTO,Engenheiro de Projetos de Eletricidade,2,,
B1_BRUTO,Strategic Procurement & Capex Leader,2,,
B1_BRUTO,Engenheiro Civil/Militar,2,,
B1_BRUTO,Senior Purchasing Manager at Fueling Sustainability,2,,
B1_BRUTO,Gerente de Suprimentos na Karina ...,2,,
B1_BRUTO,Projetos,2,,
B1_BRUTO,Coordenador de Suprimentos de Engenharia,2,,
B1_BRUTO,Comprador Sr na JBS Ituiutaba,2,,
B1_BRUTO,Coordenador de Operações,2,,
B1_BRUTO,Sr DC Capex Procurement Manager,2,,
B1_BRUTO,Gerente Comercial Raizen Combustíveis SA,2,,
B1_BRUTO,Tax & Accounting Director,2,,
B1_BRUTO,Subestações); Sourcing; Procurement.,2,,
B1_BRUTO,Gerente de Engenharia de Tubulação,2,,
B1_BRUTO,Gerente de Suprimentos na Estaleiro Navship Ltda,2,,
B1_BRUTO,Diretora Regional de Supply Chain @ Ascenty,2,,
B1_BRUTO,Diretora Jurídica e Compliance,2,,
B1_BRUTO,Assistente Administrativo Supply Chain ...,2,,
B1_BRUTO,Supply Chain at Irani Papel e Embalagem S.A.,2,,
B1_BRUTO,Diretor Controladoria e Finanças,2,,
B1_BRUTO,Gerente de projetos | Tech Mahindra - LinkedIn,2,,
B1_BRUTO,Procurement,2,,
B1_BRUTO,Software Engineering Manager @ Embraer,2,,
B1_BRUTO,Procurement Manager @ ADM - LinkedIn,2,,
B1_BRUTO,Supply Chain / Purchasing Manager / Administrator ...,2,,
B1_BRUTO,Engenheira Projetista,2,,
B1_BRUTO,Gerente de Operações - Agrion Fertilizantes,2,,
B1_BRUTO,Diretor de Supply Chain Latam,2,,
B1_BRUTO,Coordenador de compras na Klabin - LinkedIn,2,,
B1_BRUTO,Category Buyer,2,,
B1_BRUTO,"Manager, Global Technical Sales Team",2,,
B1_BRUTO,Project Engineering na The Coca-Cola ...,2,,
B1_BRUTO,Comprador pleno RRP Energia LTDA,2,,
B1_BRUTO,"Procurement, Suprimentos, Supply Chain, Compras ...",2,,
B1_BRUTO,Gerente de Engenharia — Grupo Agis,2,,
B1_BRUTO,"Gerente de Projetos, Gerente de Contratos ...",2,,
B1_BRUTO,Especialista Compras CAPEX,2,,
B1_BRUTO,Supply Chain Transformation Leader,2,,
B1_BRUTO,Gerente de Suprimentos em Projetos,2,,
B1_BRUTO,Arauco celulose do Brasil S.A,2,,
B1_BRUTO,Supply chain at Gerdau S.A.,2,,
B1_BRUTO,Procurement & Strategic Sourcing,2,,
B1_BRUTO,Head of Supply Chain,2,,
B1_BRUTO,Gerente de Engenharia / Engenheira Civil ...,2,,
B1_BRUTO,"Diretor de Compras, Seguros e Serviços Gerais ...",1,,
B1_BRUTO,Operations Manager,1,,
B1_BRUTO,Head of Procurement Americas at Clariant,1,,
B1_BRUTO,"Manager, Sales & Supply Chain at Gerdau",1,,
B1_BRUTO,Procurement Manager at General Motors,1,,
B1_BRUTO,Gerente de Compras | Supply Chain | Suprimentos,1,,
B1_BRUTO,Engenharia - Manutenção - Projetos,1,,
B1_BRUTO,Gestão de projetos,1,,
B1_BRUTO,"Sr Purchasing Manager, Global Supplier Cost ...",1,,
B1_BRUTO,Fundo Desenvolvimento Infraestrutura BA — PPP rodovias 1000km,1,,
B1_BRUTO,Gerente de Compras na Secretaria de ...,1,,
B1_BRUTO,Corporate Communications Manager,1,,
B1_BRUTO,Head of supply chain NA BL catalyst Evonik ...,1,,
B1_BRUTO,Head of Supply Chain Management,1,,
B1_BRUTO,Adm Contractual Director,1,,
B1_BRUTO,Engenheiro civil master,1,,
B1_BRUTO,Gerente de Suprimentos I Supply Chain ...,1,,
B1_BRUTO,Gerente de Suprimentos da Baterias Moura,1,,
B1_BRUTO,Logistic & Purchasing Manager at Ares ...,1,,
B1_BRUTO,Gerente de Engenharia na Suspensys ...,1,,
B1_BRUTO,Diretor Operacional/Diretor de Engenharia VLI Multimodal,1,,
B1_BRUTO,IT Manager,1,,
B1_BRUTO,Engenharia civil,1,,
B1_BRUTO,Procurement Manager na Corbion,1,,
B1_BRUTO,Head de suprimentos/Gerente de Compras ...,1,,
B1_BRUTO,Senior Strategic Buyer,1,,
B1_BRUTO,Especialista Supply Chain & Logística Offshore,1,,
B1_BRUTO,Engenheiro de Instalações,1,,
B1_BRUTO,Gerente de Suprimentos e Logística na ...,1,,
B1_BRUTO,Gerente de suprimentos na JSL S.A.,1,,
B1_BRUTO,Especialista em PCP & Supply Chain,1,,
B1_BRUTO,Gerente de Projetos e Sistemas de TI,1,,
B1_BRUTO,Strategic Procurement Manager @ Fuchs ...,1,,
B1_BRUTO,Diretora Novos Projetos GLP,1,,
B1_BRUTO,Gerente de projetos na Ypê - LinkedIn,1,,
B1_BRUTO,"Head of Procurement at Linde Vietnam,Indonesia ...",1,,
B1_BRUTO,Supervisora de compras,1,,
B1_BRUTO,Engenheiro Civil I Gerente de Engenharia I ...,1,,
B1_BRUTO,Compradora na Santa Casa de misericordia da Bahia,1,,
B1_BRUTO,Coordenador Compras/Suprimentos na Grupo Cosan,1,,
B1_BRUTO,Gerente de engenharia e ...,1,,
B1_BRUTO,Financeiro de Obras / CAPEX / Contratos ...,1,,
B1_BRUTO,Purchasing at New Holland Fiat India Pvt. Ltd.,1,,
B1_BRUTO,Gerente de projetos e engenheiro de processo na ...,1,,
B1_BRUTO,Diretor de Projetos,1,,
B1_BRUTO,Engenheiro de Projetos na Dedini S/A Indústrias de ...,1,,
B1_BRUTO,Sales Representative,1,,
B1_BRUTO,Diretor de Supply Chain,1,,
B1_BRUTO,Gerente Regional de Logística | Bunge Brasil,1,,
B1_BRUTO,Coordenador de Logística / Mercado Livre - LinkedIn,1,,
B1_BRUTO,DHL Supply Chain,1,,
B1_BRUTO,ALD Bioenergia Deciolândia S/A,1,,
B1_BRUTO,Edison Chouest Offshore / Brasil Port,1,,
B1_BRUTO,Gestão de Processos e OPEX/CAPEX.,1,,
B1_BRUTO,Plant Maintenance Manager,1,,
B1_BRUTO,"Supply Engineer / Procurement Manager, Contract ...",1,,
B1_BRUTO,Gerente de Compras e Contratos Seacrest Petróleo,1,,
B1_BRUTO,Executivo de Saneamento 25 anos de ...,1,,
B1_BRUTO,Planejador de Manutenção,1,,
B1_BRUTO,Gerente de Suprimentos na Klabin,1,,
B1_BRUTO,General Manager Supply Chain,1,,
B1_BRUTO,Gerente de engenharia,1,,
B1_BRUTO,Aura Minerals Inc,1,,
B1_BRUTO,Gerente de Compras Regional na Nestlé,1,,
B1_BRUTO,Head de Manutenção,1,,
B1_BRUTO,Gerente de Compras SHEMAR Latam Holding Ltda,1,,
B1_BRUTO,Commercial and Purchasing Manager ...,1,,
B1_BRUTO,PMO ; Gerente de Projetos,1,,
B1_BRUTO,Gerente de Suprimentos & Supply Chain ...,1,,
B1_BRUTO,Global Supply Chain & Procurement Leader — Data Centers (Hortolândia),1,,
B1_BRUTO,Executivo Sênior de Supply Chain,1,,
B1_BRUTO,Engenheiro Civil na Construtora TSR Ltda.,1,,
B1_BRUTO,Gerente de Engenharia de Processos,1,,
B1_BRUTO,Gerente de Projetos ArcelorMittal Brasil,1,,
B1_BRUTO,Sócio DELCO Comércio e Construções (apostilamento arena Valparaíso II),1,,
B1_BRUTO,Diretor — Inpasa Agroindustrial,1,,
B1_BRUTO,Logística e Supply Chain,1,,
B1_BRUTO,Compradora Senior,1,,
B1_BRUTO,Diretor-Presidente Infra S.A. (executora pública FIOL),1,,
B1_BRUTO,Senior Infrastructure and Technology Executive,1,,
B1_BRUTO,Head of Logistics Operations,1,,
B1_BRUTO,Operations Manager @Pick'n'Drive Auto ...,1,,
B1_BRUTO,Engenheiro civil focado em gestão e ...,1,,
B1_BRUTO,Buyer / Supply Chain / Analista de Suprimentos — Aegea Saneamento,1,,
B1_BRUTO,Gestão em Supply Chain,1,,
B1_BRUTO,Procurement Manager at BASF,1,,
B1_BRUTO,Engenharia de manutenção,1,,
B1_BRUTO,Diretor-Presidente da TLSA (Grupo CSN),1,,
B1_BRUTO,Diretor de compras na Prefeitura Municipal de ...,1,,
B1_BRUTO,Programa Federal — substituição 700 pontes madeira rodovias federais,1,,
B1_BRUTO,Gerente de Projetos | Sistemas Metro-Ferroviários,1,,
B1_BRUTO,Supervisora de Supply Chain,1,,
B1_BRUTO,Diretor de Relações Institucionais,1,,
B1_BRUTO,Capital Projects & Engineering Manager,1,,
B1_BRUTO,Head of Procurement Scania Southern Africa,1,,
B1_BRUTO,Supply Chain Design Strategist,1,,
B1_BRUTO,Logística & Supply Chain,1,,
B1_BRUTO,Buyer/Compras/Suprimentos/Contratações,1,,
B1_BRUTO,Head de Compras/Suprimentos ...,1,,
B1_BRUTO,"Supply Chain, Procurement, Contracts, Commercial",1,,
B1_BRUTO,Compras/Contratos Corporativos — Portonave S/A Terminais Navegantes,1,,
B1_BRUTO,Fertilizers Industrial Manager at COFCO INT,1,,
B1_BRUTO,Senior Buyer - Focus on Infrastructure and IT,1,,
B1_BRUTO,Steel Sourcing Analyst LATAM at Nextracker,1,,
B1_BRUTO,Canal rh (role-based),1,,
B1_BRUTO,Category Manager,1,,
B1_BRUTO,Head of Procurement @ Air Liquide,1,,
B1_BRUTO,Engenheiro Civil/ Ambiental,1,,
B1_BRUTO,Supply chain manager,1,,
B1_BRUTO,Gerente de Suprimentos l Procurement l ...,1,,
B1_BRUTO,"Gerente de Projetos, Processos e ...",1,,
B1_BRUTO,Engenheiro Mecânico de Projetos na CSN,1,,
B1_BRUTO,Coordenador de Suprimentos na Aegea ...,1,,
B1_BRUTO,Sr Supply Chain & Operations Leader,1,,
B1_BRUTO,Coordenador de Logística e Suprimentos,1,,
B1_BRUTO,Engenheiro de projetos na Energisa Paraiba ...,1,,
B1_BRUTO,Operations Manager - New Wave Cartage - LinkedIn,1,,
B1_BRUTO,Engenharia Ambiental l Licenciamento ...,1,,
B1_BRUTO,Buyer at LANXESS,1,,
B1_BRUTO,"Fundo Marinha Mercante R$409,7M — indústria naval Amazonas",1,,
B1_BRUTO,Diretor Executivo — Aegea,1,,
B1_BRUTO,Service Procurement Manager,1,,
B1_BRUTO,Gestor em Compras Powertrain Hyundai Motor Brasil (Piracicaba),1,,
B1_BRUTO,MBA-Supply Chain| Customer Service,1,,
B1_BRUTO,Comprador Técnico,1,,
B1_BRUTO,Gerente de projetos em M&A no IDIS,1,,
B1_BRUTO,AENA BRASIL SA,1,,
B1_BRUTO,Gerente de Engenharia e Manutenção Industrial,1,,
B1_BRUTO,Executivo de Supply Chain e Suprimentos,1,,
B1_BRUTO,Engenheiro de projetos de engenharia ...,1,,
B1_BRUTO,Presidente — Petrocity Portos (operadora do CPSM),1,,
B1_BRUTO,Supply Chain Manager I Head of Supply ...,1,,
B1_BRUTO,Procurement & Supply Chain,1,,
B1_BRUTO,Commercial Supply Chain Analyst,1,,
B1_BRUTO,Gerente de Projetos de Engenharia,1,,
B1_BRUTO,Engenheiro Civil Sênior da ...,1,,
B1_BRUTO,Supply Chain/Logistics Management,1,,
B1_BRUTO,Gerente de obras,1,,
B1_BRUTO,Comprador / Procurement / Buyer ...,1,,
B1_BRUTO,Supply Chain|Logistics|Projects,1,,
B1_BRUTO,Executivo de Procurement e Supply Chain,1,,
B1_BRUTO,"Gerente de Projetos, PMO, Mestre em Gestão ...",1,,
B1_BRUTO,CEO DOF Subsea (contrato R$11bi Petrobras 4 PSVs Navship),1,,
B1_BRUTO,Diretor industrial na Atlas Eletrodomésticos,1,,
B1_BRUTO,Strategic Sourcing Manager,1,,
B1_BRUTO,Especialista em Supply Chain,1,,
B1_BRUTO,Head of Regional Procurement and Supply Chain,1,,
B1_BRUTO,Procurement Manager at Air Products Brasil,1,,
B1_BRUTO,Gerente de projetos na Dnit,1,,
B1_BRUTO,Pharmaceutical Supply Chain at Secretaria de ...,1,,
B1_BRUTO,Engineering Manager at PLS Brazil,1,,
B1_BRUTO,Head of Procurement at LD Celulose S.A,1,,
B1_BRUTO,Gerente de Pesquisa e Inovação — Porto do Itaqui (EMAP),1,,
B1_BRUTO,Diretor de Business Supergasbras (SPE Ultragaz+Supergasbras Pecém),1,,
B1_BRUTO,Gerente de Projetos deTecnologia da ...,1,,
B1_BRUTO,Operations/Project Manager ...,1,,
B1_BRUTO,Gerente Comercial Ração Animal no ...,1,,
B1_BRUTO,Commercial Director / New Business AGEO Terminals (Grupo Simões + EBT),1,,
B1_BRUTO,"Gerente de Compras, Licitações e Contratos",1,,
B1_BRUTO,Gerente de projetos na Santa ...,1,,
B1_BRUTO,Compras / Supply Chain,1,,
B1_BRUTO,Diretor Eldorado Brasil Celulose (Três Lagoas MS),1,,
B1_BRUTO,Gerente de Engenharia e Manutenção,1,,
B1_BRUTO,Capital Projects & CapEx Strategy,1,,
B1_BRUTO,Gerente de Projetos de Meio Ambiente na DTA ...,1,,
B1_BRUTO,Specialist Aftermarket Buyer at CNH Industrial ...,1,,
B1_BRUTO,Supply Chain Manager at Embraer,1,,
B1_BRUTO,Projetista Mecânico,1,,
B1_BRUTO,COO Sigma Lithium,1,,
B1_BRUTO,Project Engineer at Companhia De Gas Da ...,1,,
B1_BRUTO,Gestor Industrial * Supply Chain ...,1,,
B1_BRUTO,Gerente de suprimentos na Castrol Brasil,1,,
B1_BRUTO,Engenheiro Civil — Porto Guará,1,,
B1_BRUTO,comprador na prefeitura municipal de flores ...,1,,
B1_BRUTO,Gerente de engenharia na FBS Construtora,1,,
B1_BRUTO,Engenheiro Civil e ...,1,,
B1_BRUTO,Gerente de Engenharia na Eletronet,1,,
B1_BRUTO,Supply Chain Planning,1,,
B1_BRUTO,Joint Venture CMPC Celulose + Neltume Ports — operação 2028,1,,
B1_BRUTO,Gerente de Suprimentos na ...,1,,
B1_BRUTO,Representante Brasil Magnésio do Nordeste (empresário/sócio),1,,
B1_BRUTO,Engenheiro Civil e Geotécnico,1,,
B1_BRUTO,Procurement Manager at Ambev,1,,
B1_BRUTO,Head of Procurement at Samsung Electronics,1,,
B1_BRUTO,ENGENHEIRO MECÂNICO SENIOR ...,1,,
B1_BRUTO,Supply Chain expert,1,,
B1_BRUTO,Raw Materials Procurement,1,,
B1_BRUTO,"Estratégia, Tecnologia, CAPEX/MRO, SAP Ariba",1,,
B1_BRUTO,Supply Chain at Embraer S.A,1,,
B1_BRUTO,Gerente de Projetos na OneSubsea,1,,
B1_BRUTO,Gerente de Engenharia na AEGEA,1,,
B1_BRUTO,"Supply Chain, SAP e Processos de Compras",1,,
B1_BRUTO,Gerente de Engenharia e Construção,1,,
B1_BRUTO,Gerente de Suprimentos na Vicunha Holdings,1,,
B1_BRUTO,UPS Supply Chain Solutions,1,,
B1_BRUTO,Procurement l Supply Chain l Buyer l Purchaser l ...,1,,
B1_BRUTO,Gerente de Engenharia na Ecovias Capixaba,1,,
B1_BRUTO,Business Administration / Supply Chain,1,,
B1_BRUTO,Engenheiro de Projetos Senior,1,,
B1_BRUTO,Public Servant,1,,
B1_BRUTO,Comprador Pleno,1,,
B1_BRUTO,Profissional de Compras & Supply Chain,1,,
B1_BRUTO,Gerente de Suprimentos Corporativo,1,,
B1_BRUTO,Compradora Capex,1,,
B1_BRUTO,Societario,1,,
B1_BRUTO,Strategic sourcing,1,,
B1_BRUTO,Coordenador de Energia e Eficiência Energética — Aegea,1,,
B1_BRUTO,Procurement Manager | Gerente Suprimentos,1,,
B1_BRUTO,Capex e Opex.,1,,
B1_BRUTO,Profissional de Logística e Supply Chain,1,,
B1_BRUTO,Senior Procurement & Supply Chain Manager,1,,
B1_BRUTO,gerente de engenharia na USIMINAS S.A,1,,
B1_BRUTO,Gerente de Compras e Licitações,1,,
B1_BRUTO,"Senior Buyer, Engineered Materials",1,,
B1_BRUTO,Gerente de Projetos e Obras,1,,
B1_BRUTO,Gerente de suprimentos / desenvolvimento e ...,1,,
B1_BRUTO,Supply Chain @PsychoBunny,1,,
B1_BRUTO,Engineering Specialist,1,,
B1_BRUTO,"Responsável LC Terminais Portuários (Lyon Capital + CCCC, TGNL São Luís MA)",1,,
B1_BRUTO,Operations Leader,1,,
B1_BRUTO,Gerente de Projetos / Gerente de Contratos ...,1,,
B1_BRUTO,Diretor Terminal Portuário de Alcântara,1,,
B1_BRUTO,Diretor de Compras América Latina,1,,
B1_BRUTO,Coordenador de Engenharia — Aegea Saneamento,1,,
B1_BRUTO,Coordenador de projetos,1,,
B1_BRUTO,Supply Chain Optimization,1,,
B1_BRUTO,Project Manager / Gerente de Engenharia / Infra ...,1,,
B1_BRUTO,B2B & Capex,1,,
B1_BRUTO,COMPRADOR,1,,
B1_BRUTO,Projetista no Grupo Unipar,1,,
B1_BRUTO,Gerente Compras / Comercial na Toyota ...,1,,
B1_BRUTO,Gerente de Suprimentos / Compras / Construção Civil,1,,
B2_NORM,REGIONAL LOGISTICS DIRECTOR,514,14.22,1
B2_NORM,DIRETOR,443,12.26,2
B2_NORM,GERENTE DE COMPRAS,230,6.36,4
B2_NORM,GERENTE DE SUPRIMENTOS,176,4.87,10
B2_NORM,ENGENHEIRO DE PROJETOS,157,4.34,4
B2_NORM,COORDENADORA DE SUPRIMENTOS,109,3.02,1
B2_NORM,PROCUREMENT DIRECTOR,91,2.52,1
B2_NORM,DIRETOR COMERCIAL,80,2.21,2
B2_NORM,PRESIDENTE,74,2.05,1
B2_NORM,ADMINISTRADOR,72,1.99,1
B2_NORM,RIO+ SANEAMENTO BL3 S.A,65,1.80,1
B2_NORM,SOCIO-ADMINISTRADOR,62,1.72,1
B2_NORM,SUPPLY CHAIN,59,1.63,4
B2_NORM,GERENTE DE PROJETOS,57,1.58,8
B2_NORM,STRATEGIC SOURCING & SUPPLY CHAIN,56,1.55,1
B2_NORM,DIRETOR DE PROJETOS,51,1.41,2
B2_NORM,COMPRAS,47,1.30,1
B2_NORM,COORDENADOR DE ENGENHARIA,42,1.16,1
B2_NORM,PROCUREMENT MANAGER,41,1.13,9
B2_NORM,GERENTE DE MARKETING CEMIG,40,1.11,1
B2_NORM,GERENTE DE TECNOLOGIA,38,1.05,1
B2_NORM,ENGENHEIRO CIVIL,34,0.94,4
B2_NORM,GERENTE DE ENGENHARIA,33,0.91,10
B2_NORM,SUPPLY CHAIN MANAGER,30,0.83,3
B2_NORM,GERENTE DE MANUTENCAO,28,0.77,2
B2_NORM,ENGENHARIA,23,0.64,1
B2_NORM,COMPRADOR,21,0.58,3
B2_NORM,ENGENHARIA CIVIL,21,0.58,2
B2_NORM,PARTNER,18,0.50,1
B2_NORM,SUPRIMENTOS,18,0.50,1
B2_NORM,HEAD DE SUPRIMENTOS,17,0.47,1
B2_NORM,ENGENHARIA DE PROJETOS,16,0.44,1
B2_NORM,DIRETOR EXECUTIVO DE REGULACAO,16,0.44,1
B2_NORM,HEAD OF PROCUREMENT,15,0.42,5
B2_NORM,PURCHASING MANAGER,15,0.42,1
B2_NORM,GERENTE GERAL DE ENGENHARIA,14,0.39,1
B2_NORM,COMPRADOR SENIOR,14,0.39,1
B2_NORM,PROJECT MANAGER,14,0.39,2
B2_NORM,DIRETOR DE OPERACOES E MANUTENCAO,14,0.39,1
B2_NORM,GERENTE DE COMPRAS E PLANEJAMENTO,13,0.36,1
B2_NORM,EXECUTIVO DE SUPPLY CHAIN & OPERACOES,12,0.33,1
B2_NORM,GLOBAL HEAD OF PROCUREMENT,12,0.33,1
B2_NORM,"CEO PEC ENERGY (CONTROLADORA SERRA DA IBIAPABA 4/6/7, CARNAUBAL CE)",11,0.30,1
B2_NORM,"FACILITADOR, ARTICULADOR COM BOA ...",11,0.30,1
B2_NORM,ENGENHARIA  DE MECANICA,10,0.28,1
B2_NORM,"DIRETOR DE SUPRIMENTOS, GERENTE DE ...",10,0.28,1
B2_NORM,HEAD DE COMPRAS,10,0.28,1
B2_NORM,GERENTE DE SUPRIMENTOS & SUPPLY CHAIN,10,0.28,1
B2_NORM,SUPPLY CHAIN MANAGER OPEX,9,0.25,1
B2_NORM,AGIS CONSTRUCAO S.A,9,0.25,1
B2_NORM,DIRETOR DE OPERACOES / ENGENHEIRO ELETRICISTA - GRUPO RIALMA,9,0.25,1
B2_NORM,COORDENADOR REGIONAL DE OPERACOES (SARANDI) - ISA CTEEP,9,0.25,1
B2_NORM,COORDENADOR DE SUBESTACOES E MANUTENCAO (BANDEIRANTES) - ISA CTEEP,9,0.25,1
B2_NORM,COORDENADOR DE PLANEJAMENTO DE EXPANSAO E ESTUDOS - ISA CTEEP,9,0.25,1
B2_NORM,STRATEGIC SOURCING,8,0.22,2
B2_NORM,SENIOR PROCUREMENT ANALYST,8,0.22,1
B2_NORM,CCA+. CONSELHEIRA DE ADM. DA AXIA ENERGIA S.A ...,7,0.19,1
B2_NORM,PROCUREMENT DEPARTMENT MANAGER,7,0.19,1
B2_NORM,GERENTE DE SUPPLY CHAIN,7,0.19,1
B2_NORM,LEAD SOURCING SPECIALIST,7,0.19,1
B2_NORM,ENGENHEIRO CIVIL ESPECIALISTA EM RSU,7,0.19,1
B2_NORM,COMMERCIAL DIRECTOR TOWAGE (REBOCADORES) WILSON SONS,7,0.19,1
B2_NORM,SENIOR PROCUREMENT MANAGER,7,0.19,2
B2_NORM,AUREN ENERGIA S.A,6,0.17,1
B2_NORM,COMPRADOR CAPEX,6,0.17,1
B2_NORM,AVIVAR ALIMENTOS S/A.,6,0.17,1
B2_NORM,GERENTE DE COMPRAS E SUPRIMENTOS / EXECUTIVA ...,6,0.17,1
B2_NORM,SR PROJECT ENGINEER,6,0.17,1
B2_NORM,GERENTE INDUSTRIAL,6,0.17,1
B2_NORM,NAO ESPECIFICADO,6,0.17,1
B2_NORM,ENGENHEIRO CIVIL ESPECIALISTA,5,0.14,1
B2_NORM,EXECUTIVO DE COMPRAS| GERENTE DE COMPRAS,5,0.14,1
B2_NORM,PURCHASING DIRECTOR,5,0.14,1
B2_NORM,HEAD DE DESENVOLVIMENTO E COMPRAS HONDA AUTOMOVEIS (ITIRAPINA),5,0.14,1
B2_NORM,--,5,0.14,1
B2_NORM,HEAD OF ACCOUNTING,5,0.14,1
B2_NORM,DIRETOR COMERCIAL DP WORLD SANTOS,5,0.14,1
B2_NORM,SOCIO DA VERTICE. MEMBRO TITULAR DO CONSELHO FISCAL ...,5,0.14,1
B2_NORM,ENGENHEIRO MECANICO,5,0.14,1
B2_NORM,SUPPLY CHAIN / PROCUREMENT / CAPEX / PROJECT AND ...,5,0.14,1
B2_NORM,SUPERVISAO,5,0.14,1
B2_NORM,GERENTE SUPPLY CHAIN,5,0.14,1
B2_NORM,GERENTE DE SUPRIMENTOS PLANO ...,4,0.11,1
B2_NORM,COORDENADOR SUPPLY CHAIN - PRIO S.A.,4,0.11,1
B2_NORM,DIRETOR DE SUPRIMENTOS AMERICA LATINA ...,4,0.11,1
B2_NORM,COMPRADOR ESPECIALISTA,4,0.11,1
B2_NORM,GERENTE DE LOGISTICA,4,0.11,1
B2_NORM,ESPECIALISTA EM STRATEGIC SOURCING,4,0.11,1
B2_NORM,"SUPPLY CHAIN PLANNING, PROJECTS AND DIGITAL ...",4,0.11,1
B2_NORM,GERENTE DE PROJETOS ...,4,0.11,1
B2_NORM,PROJECT ENGINEER,4,0.11,2
B2_NORM,STRATEGIC SOURCING SPECIALIST,4,0.11,1
B2_NORM,CHIEF PROCUREMENT OFFICER,4,0.11,1
B2_NORM,ENGENHEIRO MECANICO (GERENCIA ...,4,0.11,1
B2_NORM,ENGENHARIA DE PLANEJAMENTO,4,0.11,1
B2_NORM,ENGENHEIRO CIVIL AVALIADOR,4,0.11,1
B2_NORM,ENGENHEIRO CIVIL SENIOR,4,0.11,1
B2_NORM,PROCUREMENT MANAGER LATAM,4,0.11,1
B2_NORM,COMPRADORA,4,0.11,2
B2_NORM,SANEPAR CIA DE SANEAMENTO DO PARANA,4,0.11,1
B2_NORM,DIRETOR SUPPLY CHAIN · GERDAU ACOS BRASIL,4,0.11,1
B2_NORM,COO - PRIO S.A.,4,0.11,1
B2_NORM,GERENTE DE PROJETOS SENIOR,3,0.08,1
B2_NORM,GERENTE DE PROJETOS SENIOR ...,3,0.08,1
B2_NORM,PROCUREMENT MANAGER ELETROBRAS,3,0.08,1
B2_NORM,GERENTE DE SUPRIMENTOS PARA PROJETOS,3,0.08,1
B2_NORM,CONTRACTS & PROCUREMENT MANAGER,3,0.08,1
B2_NORM,HEAD OF SUPPLY CHAIN,3,0.08,2
B2_NORM,GERENTE DE PROJETOS E ENGENHARIA,3,0.08,1
B2_NORM,GENERAL OPERATIONS MANAGER,3,0.08,1
B2_NORM,LOGISTICS & SUPPLY CHAIN,3,0.08,1
B2_NORM,SENIOR PURCHASING & SUPPLY CHAIN EXECUTIVE,3,0.08,1
B2_NORM,"DIRETOS, INDIRETOS & CAPEX",3,0.08,1
B2_NORM,MBA IN SUPPLY CHAIN MANAGEMENT.,3,0.08,1
B2_NORM,GERENTE DE COMPRAS COAMO,3,0.08,1
B2_NORM,GERENTE INDUSTRIAL E DE MANUTENCAO,3,0.08,1
B2_NORM,"GERENTE DE ENGENHARIA, MANUTENCAO E ENERGIAS",3,0.08,1
B2_NORM,EXECUTIVA SENIOR DE SUPPLY CHAIN EM DEMANDAS ...,3,0.08,1
B2_NORM,GLOBAL PROCUREMENT LEADER,3,0.08,1
B2_NORM,GERENTE DE ENGENHARIA DE MANUTENCAO,3,0.08,1
B2_NORM,SUPRIMENTOS CAPEX,3,0.08,1
B2_NORM,GERENTE DE SUPRIMENTOS ...,3,0.08,1
B2_NORM,ESPECIALISTAS EM LOGISTICA E SUPPLY CHAIN.,3,0.08,1
B2_NORM,COMPRADORA CAPEX I AXIA ENERGIA,3,0.08,1
B2_NORM,ENGENHEIRA PROJETISTA,2,0.06,1
B2_NORM,ENGENHEIRO DE PROJETOS DE ELETRICIDADE,2,0.06,1
B2_NORM,COMPRADOR ESTRATEGICO,2,0.06,1
B2_NORM,GERENTE DE SUPRIMENTOS DE PROJETO,2,0.06,1
B2_NORM,GERENTE DE SUPRIMENTOS EM PROJETOS,2,0.06,1
B2_NORM,TAX & ACCOUNTING DIRECTOR,2,0.06,1
B2_NORM,DIRETOR DE SUPPLY CHAIN LATAM,2,0.06,1
B2_NORM,ESPECIALISTA COMPRAS CAPEX,2,0.06,1
B2_NORM,EXECUTIVO DE SUPPLY CHAIN AND PROCUREMENT,2,0.06,1
B2_NORM,SUPPLY CHAIN TRANSFORMATION LEADER,2,0.06,1
B2_NORM,SUPPLY CHAIN DIRECTOR,2,0.06,1
B2_NORM,DIRETORA JURIDICA E COMPLIANCE,2,0.06,1
B2_NORM,SUBESTACOES); SOURCING; PROCUREMENT.,2,0.06,1
B2_NORM,LEAD SUPPLY CHAIN OPTIMIZATION,2,0.06,1
B2_NORM,DIRETORA REGIONAL DE SUPPLY CHAIN,2,0.06,1
B2_NORM,GERENTE COMERCIAL RAIZEN COMBUSTIVEIS SA,2,0.06,1
B2_NORM,MAINTENANCE MANAGER L TECHNICAL ...,2,0.06,1
B2_NORM,"MANAGER, GLOBAL TECHNICAL SALES TEAM",2,0.06,1
B2_NORM,SUPPLY CHAIN / PURCHASING MANAGER / ADMINISTRATOR ...,2,0.06,1
B2_NORM,COMPRADOR SR,2,0.06,1
B2_NORM,GERENTE DE ENGENHARIA - GRUPO AGIS,2,0.06,1
B2_NORM,GERENTE DE ENGENHARIA / ENGENHEIRA CIVIL ...,2,0.06,1
B2_NORM,PROCUREMENT,2,0.06,1
B2_NORM,PROCUREMENT & STRATEGIC SOURCING,2,0.06,1
B2_NORM,GERENTE DE ENGENHARIA DE TUBULACAO,2,0.06,1
B2_NORM,"PROCUREMENT, SUPRIMENTOS, SUPPLY CHAIN, COMPRAS ...",2,0.06,1
B2_NORM,DIRETOR DE ENGENHARIA,2,0.06,1
B2_NORM,PROJECT ENGINEERING,2,0.06,1
B2_NORM,COMPRADOR PLENO RRP ENERGIA LTDA,2,0.06,1
B2_NORM,PROJETOS,2,0.06,1
B2_NORM,CATEGORY BUYER,2,0.06,1
B2_NORM,GERENTE DE OPERACOES - AGRION FERTILIZANTES,2,0.06,1
B2_NORM,"PURCHASING, PROCUREMENT, CONTRACTS MANAGEMENT",2,0.06,1
B2_NORM,ENGENHEIRO CIVIL DE PROJETOS,2,0.06,1
B2_NORM,ASSISTENTE ADMINISTRATIVO SUPPLY CHAIN ...,2,0.06,1
B2_NORM,COORDENADOR DE SUPRIMENTOS DE ENGENHARIA,2,0.06,1
B2_NORM,ARAUCO CELULOSE DO BRASIL S.A,2,0.06,1
B2_NORM,COORDENADOR DE OPERACOES,2,0.06,1
B2_NORM,SENIOR BUYER,2,0.06,1
B2_NORM,DIRETOR CONTROLADORIA E FINANCAS,2,0.06,1
B2_NORM,SENIOR PURCHASING MANAGER,2,0.06,1
B2_NORM,COORDENADOR DE COMPRAS,2,0.06,1
B2_NORM,SOFTWARE ENGINEERING MANAGER,2,0.06,1
B2_NORM,SR DC CAPEX PROCUREMENT MANAGER,2,0.06,1
B2_NORM,"GERENTE DE PROJETOS, GERENTE DE CONTRATOS ...",2,0.06,1
B2_NORM,ENGENHEIRO CIVIL/MILITAR,2,0.06,1
B2_NORM,STRATEGIC PROCUREMENT & CAPEX LEADER,2,0.06,1
B2_NORM,BUSINESS ADMINISTRATION / SUPPLY CHAIN,1,0.03,1
B2_NORM,PRESIDENTE - PETROCITY PORTOS (OPERADORA DO CPSM),1,0.03,1
B2_NORM,PROCUREMENT & SUPPLY CHAIN,1,0.03,1
B2_NORM,B2B & CAPEX,1,0.03,1
B2_NORM,PROCUREMENT L SUPPLY CHAIN L BUYER L PURCHASER L ...,1,0.03,1
B2_NORM,PROFISSIONAL DE COMPRAS & SUPPLY CHAIN,1,0.03,1
B2_NORM,PROFISSIONAL DE LOGISTICA E SUPPLY CHAIN,1,0.03,1
B2_NORM,PROGRAMA FEDERAL - SUBSTITUICAO 700 PONTES MADEIRA RODOVIAS FEDERAIS,1,0.03,1
B2_NORM,PROJECT MANAGER / GERENTE DE ENGENHARIA / INFRA ...,1,0.03,1
B2_NORM,PROJETISTA MECANICO,1,0.03,1
B2_NORM,PROJETISTA NO GRUPO UNIPAR,1,0.03,1
B2_NORM,PUBLIC SERVANT,1,0.03,1
B2_NORM,PURCHASING,1,0.03,1
B2_NORM,AURA MINERALS INC,1,0.03,1
B2_NORM,RAW MATERIALS PROCUREMENT,1,0.03,1
B2_NORM,REPRESENTANTE BRASIL MAGNESIO DO NORDESTE (EMPRESARIO/SOCIO),1,0.03,1
B2_NORM,"RESPONSAVEL LC TERMINAIS PORTUARIOS (LYON CAPITAL + CCCC, TGNL SAO LUIS MA)",1,0.03,1
B2_NORM,SALES REPRESENTATIVE,1,0.03,1
B2_NORM,SENIOR BUYER - FOCUS ON INFRASTRUCTURE AND IT,1,0.03,1
B2_NORM,"SENIOR BUYER, ENGINEERED MATERIALS",1,0.03,1
B2_NORM,SENIOR INFRASTRUCTURE AND TECHNOLOGY EXECUTIVE,1,0.03,1
B2_NORM,SENIOR PROCUREMENT & SUPPLY CHAIN MANAGER,1,0.03,1
B2_NORM,SENIOR STRATEGIC BUYER,1,0.03,1
B2_NORM,SERVICE PROCUREMENT MANAGER,1,0.03,1
B2_NORM,SOCIETARIO,1,0.03,1
B2_NORM,SOCIO DELCO COMERCIO E CONSTRUCOES (APOSTILAMENTO ARENA VALPARAISO II),1,0.03,1
B2_NORM,ALD BIOENERGIA DECIOLANDIA S/A,1,0.03,1
B2_NORM,SPECIALIST AFTERMARKET BUYER,1,0.03,1
B2_NORM,"SR PURCHASING MANAGER, GLOBAL SUPPLIER COST ...",1,0.03,1
B2_NORM,SR SUPPLY CHAIN & OPERATIONS LEADER,1,0.03,1
B2_NORM,STEEL SOURCING ANALYST LATAM,1,0.03,1
B2_NORM,STRATEGIC PROCUREMENT MANAGER,1,0.03,1
B2_NORM,STRATEGIC SOURCING MANAGER,1,0.03,1
B2_NORM,DIRETORA NOVOS PROJETOS GLP,1,0.03,1
B2_NORM,COORDENADOR DE SUPRIMENTOS,1,0.03,1
B2_NORM,CORPORATE COMMUNICATIONS MANAGER,1,0.03,1
B2_NORM,DHL SUPPLY CHAIN,1,0.03,1
B2_NORM,DIRETOR - INPASA AGROINDUSTRIAL,1,0.03,1
B2_NORM,COMPRADOR PLENO,1,0.03,1
B2_NORM,DIRETOR DE BUSINESS SUPERGASBRAS (SPE ULTRAGAZ+SUPERGASBRAS PECEM),1,0.03,1
B2_NORM,DIRETOR DE COMPRAS,1,0.03,1
B2_NORM,DIRETOR DE COMPRAS AMERICA LATINA,1,0.03,1
B2_NORM,"DIRETOR DE COMPRAS, SEGUROS E SERVICOS GERAIS ...",1,0.03,1
B2_NORM,DIRETOR DE RELACOES INSTITUCIONAIS,1,0.03,1
B2_NORM,DIRETOR DE SUPPLY CHAIN,1,0.03,1
B2_NORM,DIRETOR ELDORADO BRASIL CELULOSE (TRES LAGOAS MS),1,0.03,1
B2_NORM,DIRETOR EXECUTIVO - AEGEA,1,0.03,1
B2_NORM,DIRETOR INDUSTRIAL,1,0.03,1
B2_NORM,DIRETOR OPERACIONAL/DIRETOR DE ENGENHARIA VLI MULTIMODAL,1,0.03,1
B2_NORM,DIRETOR TERMINAL PORTUARIO DE ALCANTARA,1,0.03,1
B2_NORM,DIRETOR-PRESIDENTE DA TLSA (GRUPO CSN),1,0.03,1
B2_NORM,DIRETOR-PRESIDENTE INFRA S.A. (EXECUTORA PUBLICA FIOL),1,0.03,1
B2_NORM,EDISON CHOUEST OFFSHORE / BRASIL PORT,1,0.03,1
B2_NORM,COMPRADOR / PROCUREMENT / BUYER ...,1,0.03,1
B2_NORM,ENGENHARIA - MANUTENCAO - PROJETOS,1,0.03,1
B2_NORM,ENGENHARIA AMBIENTAL L LICENCIAMENTO ...,1,0.03,1
B2_NORM,COMMERCIAL SUPPLY CHAIN ANALYST,1,0.03,1
B2_NORM,ENGENHARIA DE MANUTENCAO,1,0.03,1
B2_NORM,COMMERCIAL DIRECTOR / NEW BUSINESS AGEO TERMINALS (GRUPO SIMOES + EBT),1,0.03,1
B2_NORM,ENGENHEIRO CIVIL - PORTO GUARA,1,0.03,1
B2_NORM,ENGENHEIRO CIVIL E ...,1,0.03,1
B2_NORM,ENGENHEIRO CIVIL E GEOTECNICO,1,0.03,1
B2_NORM,ENGENHEIRO CIVIL FOCADO EM GESTAO E ...,1,0.03,1
B2_NORM,ENGENHEIRO CIVIL I GERENTE DE ENGENHARIA I ...,1,0.03,1
B2_NORM,ENGENHEIRO CIVIL MASTER,1,0.03,1
B2_NORM,ENGENHEIRO CIVIL SENIOR DA ...,1,0.03,1
B2_NORM,ENGENHEIRO CIVIL/ AMBIENTAL,1,0.03,1
B2_NORM,ENGENHEIRO DE INSTALACOES,1,0.03,1
B2_NORM,COMMERCIAL AND PURCHASING MANAGER ...,1,0.03,1
B2_NORM,ENGENHEIRO DE PROJETOS DE ENGENHARIA ...,1,0.03,1
B2_NORM,ENGENHEIRO DE PROJETOS SENIOR,1,0.03,1
B2_NORM,ENGENHEIRO MECANICO DE PROJETOS,1,0.03,1
B2_NORM,ENGENHEIRO MECANICO SENIOR ...,1,0.03,1
B2_NORM,ENGINEERING MANAGER,1,0.03,1
B2_NORM,ENGINEERING SPECIALIST,1,0.03,1
B2_NORM,ESPECIALISTA EM PCP & SUPPLY CHAIN,1,0.03,1
B2_NORM,ESPECIALISTA EM SUPPLY CHAIN,1,0.03,1
B2_NORM,ESPECIALISTA SUPPLY CHAIN & LOGISTICA OFFSHORE,1,0.03,1
B2_NORM,"ESTRATEGIA, TECNOLOGIA, CAPEX/MRO, SAP ARIBA",1,0.03,1
B2_NORM,EXECUTIVO DE PROCUREMENT E SUPPLY CHAIN,1,0.03,1
B2_NORM,EXECUTIVO DE SANEAMENTO 25 ANOS DE ...,1,0.03,1
B2_NORM,EXECUTIVO DE SUPPLY CHAIN E SUPRIMENTOS,1,0.03,1
B2_NORM,EXECUTIVO SENIOR DE SUPPLY CHAIN,1,0.03,1
B2_NORM,FERTILIZERS INDUSTRIAL MANAGER,1,0.03,1
B2_NORM,FINANCEIRO DE OBRAS / CAPEX / CONTRATOS ...,1,0.03,1
B2_NORM,FUNDO DESENVOLVIMENTO INFRAESTRUTURA BA - PPP RODOVIAS 1000KM,1,0.03,1
B2_NORM,"FUNDO MARINHA MERCANTE R$409,7M - INDUSTRIA NAVAL AMAZONAS",1,0.03,1
B2_NORM,GENERAL MANAGER SUPPLY CHAIN,1,0.03,1
B2_NORM,GERENTE COMERCIAL RACAO ANIMAL NO ...,1,0.03,1
B2_NORM,GERENTE COMPRAS / COMERCIAL,1,0.03,1
B2_NORM,GERENTE DE COMPRAS E CONTRATOS SEACREST PETROLEO,1,0.03,1
B2_NORM,GERENTE DE COMPRAS E LICITACOES,1,0.03,1
B2_NORM,CEO DOF SUBSEA (CONTRATO R$11BI PETROBRAS 4 PSVS NAVSHIP),1,0.03,1
B2_NORM,GERENTE DE COMPRAS REGIONAL,1,0.03,1
B2_NORM,GERENTE DE COMPRAS SHEMAR LATAM HOLDING LTDA,1,0.03,1
B2_NORM,"GERENTE DE COMPRAS, LICITACOES E CONTRATOS",1,0.03,1
B2_NORM,GERENTE DE ENGENHARIA DE PROCESSOS,1,0.03,1
B2_NORM,GERENTE DE ENGENHARIA E ...,1,0.03,1
B2_NORM,GERENTE DE ENGENHARIA E CONSTRUCAO,1,0.03,1
B2_NORM,GERENTE DE ENGENHARIA E MANUTENCAO,1,0.03,1
B2_NORM,GERENTE DE ENGENHARIA E MANUTENCAO INDUSTRIAL,1,0.03,1
B2_NORM,CATEGORY MANAGER,1,0.03,1
B2_NORM,GERENTE DE OBRAS,1,0.03,1
B2_NORM,GERENTE DE PESQUISA E INOVACAO - PORTO DO ITAQUI (EMAP),1,0.03,1
B2_NORM,CAPITAL PROJECTS & ENGINEERING MANAGER,1,0.03,1
B2_NORM,GERENTE DE PROJETOS / GERENTE DE CONTRATOS ...,1,0.03,1
B2_NORM,GERENTE DE PROJETOS ARCELORMITTAL BRASIL,1,0.03,1
B2_NORM,GERENTE DE PROJETOS DE ENGENHARIA,1,0.03,1
B2_NORM,GERENTE DE PROJETOS DE MEIO AMBIENTE,1,0.03,1
B2_NORM,GERENTE DE PROJETOS DETECNOLOGIA DA ...,1,0.03,1
B2_NORM,GERENTE DE PROJETOS E ENGENHEIRO DE PROCESSO,1,0.03,1
B2_NORM,GERENTE DE PROJETOS E OBRAS,1,0.03,1
B2_NORM,GERENTE DE PROJETOS E SISTEMAS DE TI,1,0.03,1
B2_NORM,GERENTE DE PROJETOS EM M&A NO IDIS,1,0.03,1
B2_NORM,"GERENTE DE PROJETOS, PMO, MESTRE EM GESTAO ...",1,0.03,1
B2_NORM,"GERENTE DE PROJETOS, PROCESSOS E ...",1,0.03,1
B2_NORM,CAPITAL PROJECTS & CAPEX STRATEGY,1,0.03,1
B2_NORM,GERENTE DE SUPRIMENTOS & SUPPLY CHAIN ...,1,0.03,1
B2_NORM,GERENTE DE SUPRIMENTOS / COMPRAS / CONSTRUCAO CIVIL,1,0.03,1
B2_NORM,GERENTE DE SUPRIMENTOS / DESENVOLVIMENTO E ...,1,0.03,1
B2_NORM,GERENTE DE SUPRIMENTOS CORPORATIVO,1,0.03,1
B2_NORM,GERENTE DE SUPRIMENTOS DA BATERIAS MOURA,1,0.03,1
B2_NORM,GERENTE DE SUPRIMENTOS E LOGISTICA,1,0.03,1
B2_NORM,GERENTE DE SUPRIMENTOS I SUPPLY CHAIN ...,1,0.03,1
B2_NORM,GERENTE DE SUPRIMENTOS L PROCUREMENT L ...,1,0.03,1
B2_NORM,CAPEX E OPEX.,1,0.03,1
B2_NORM,CANAL RH (ROLE-BASED),1,0.03,1
B2_NORM,GERENTE REGIONAL DE LOGISTICA,1,0.03,1
B2_NORM,GESTAO DE PROCESSOS E OPEX/CAPEX.,1,0.03,1
B2_NORM,GESTAO DE PROJETOS,1,0.03,1
B2_NORM,GESTAO EM SUPPLY CHAIN,1,0.03,1
B2_NORM,GESTOR EM COMPRAS POWERTRAIN HYUNDAI MOTOR BRASIL (PIRACICABA),1,0.03,1
B2_NORM,GESTOR INDUSTRIAL * SUPPLY CHAIN ...,1,0.03,1
B2_NORM,COMPRADORA CAPEX,1,0.03,1
B2_NORM,GLOBAL SUPPLY CHAIN & PROCUREMENT LEADER - DATA CENTERS (HORTOLANDIA),1,0.03,1
B2_NORM,HEAD DE COMPRAS/SUPRIMENTOS ...,1,0.03,1
B2_NORM,HEAD DE MANUTENCAO,1,0.03,1
B2_NORM,BUYER/COMPRAS/SUPRIMENTOS/CONTRATACOES,1,0.03,1
B2_NORM,HEAD DE SUPRIMENTOS/GERENTE DE COMPRAS ...,1,0.03,1
B2_NORM,HEAD OF LOGISTICS OPERATIONS,1,0.03,1
B2_NORM,BUYER / SUPPLY CHAIN / ANALISTA DE SUPRIMENTOS - AEGEA SANEAMENTO,1,0.03,1
B2_NORM,HEAD OF PROCUREMENT AMERICAS,1,0.03,1
B2_NORM,HEAD OF PROCUREMENT SCANIA SOUTHERN AFRICA,1,0.03,1
B2_NORM,HEAD OF REGIONAL PROCUREMENT AND SUPPLY CHAIN,1,0.03,1
B2_NORM,HEAD OF SUPPLY CHAIN MANAGEMENT,1,0.03,1
B2_NORM,IT MANAGER,1,0.03,1
B2_NORM,JOINT VENTURE CMPC CELULOSE + NELTUME PORTS - OPERACAO 2028,1,0.03,1
B2_NORM,LOGISTIC & PURCHASING MANAGER,1,0.03,1
B2_NORM,LOGISTICA & SUPPLY CHAIN,1,0.03,1
B2_NORM,LOGISTICA E SUPPLY CHAIN,1,0.03,1
B2_NORM,"MANAGER, SALES & SUPPLY CHAIN",1,0.03,1
B2_NORM,MBA-SUPPLY CHAIN| CUSTOMER SERVICE,1,0.03,1
B2_NORM,OPERATIONS LEADER,1,0.03,1
B2_NORM,OPERATIONS MANAGER,1,0.03,1
B2_NORM,OPERATIONS MANAGER - NEW WAVE CARTAGE - LINKEDIN,1,0.03,1
B2_NORM,OPERATIONS MANAGER @PICK'N'DRIVE AUTO ...,1,0.03,1
B2_NORM,OPERATIONS/PROJECT MANAGER ...,1,0.03,1
B2_NORM,BUYER,1,0.03,1
B2_NORM,PHARMACEUTICAL SUPPLY CHAIN,1,0.03,1
B2_NORM,PLANEJADOR DE MANUTENCAO,1,0.03,1
B2_NORM,PLANT MAINTENANCE MANAGER,1,0.03,1
B2_NORM,PMO ; GERENTE DE PROJETOS,1,0.03,1
B2_NORM,SUPERVISORA DE COMPRAS,1,0.03,1
B2_NORM,SUPERVISORA DE SUPPLY CHAIN,1,0.03,1
B2_NORM,AENA BRASIL SA,1,0.03,1
B2_NORM,SUPPLY CHAIN @PSYCHOBUNNY,1,0.03,1
B2_NORM,SUPPLY CHAIN DESIGN STRATEGIST,1,0.03,1
B2_NORM,SUPPLY CHAIN EXPERT,1,0.03,1
B2_NORM,ADM CONTRACTUAL DIRECTOR,1,0.03,1
B2_NORM,SUPPLY CHAIN MANAGER I HEAD OF SUPPLY ...,1,0.03,1
B2_NORM,SUPPLY CHAIN OPTIMIZATION,1,0.03,1
B2_NORM,SUPPLY CHAIN PLANNING,1,0.03,1
B2_NORM,"SUPPLY CHAIN, PROCUREMENT, CONTRACTS, COMMERCIAL",1,0.03,1
B2_NORM,"SUPPLY CHAIN, SAP E PROCESSOS DE COMPRAS",1,0.03,1
B2_NORM,SUPPLY CHAIN/LOGISTICS MANAGEMENT,1,0.03,1
B2_NORM,SUPPLY CHAIN|LOGISTICS|PROJECTS,1,0.03,1
B2_NORM,"SUPPLY ENGINEER / PROCUREMENT MANAGER, CONTRACT ...",1,0.03,1
B2_NORM,UPS SUPPLY CHAIN SOLUTIONS,1,0.03,1
B2_NORM,COMPRADORA SENIOR,1,0.03,1
B2_NORM,COMPRAS / SUPPLY CHAIN,1,0.03,1
B2_NORM,COMPRAS/CONTRATOS CORPORATIVOS - PORTONAVE S/A TERMINAIS NAVEGANTES,1,0.03,1
B2_NORM,COO SIGMA LITHIUM,1,0.03,1
B2_NORM,COORDENADOR COMPRAS/SUPRIMENTOS,1,0.03,1
B2_NORM,COORDENADOR DE ENERGIA E EFICIENCIA ENERGETICA - AEGEA,1,0.03,1
B2_NORM,COMPRADOR TECNICO,1,0.03,1
B2_NORM,COORDENADOR DE ENGENHARIA - AEGEA SANEAMENTO,1,0.03,1
B2_NORM,COORDENADOR DE LOGISTICA / MERCADO LIVRE - LINKEDIN,1,0.03,1
B2_NORM,COORDENADOR DE LOGISTICA E SUPRIMENTOS,1,0.03,1
B2_NORM,COORDENADOR DE PROJETOS,1,0.03,1
B3_OURO_PRATA,REGIONAL LOGISTICS DIRECTOR,514,16.26,1
B3_OURO_PRATA,DIRETOR,314,9.93,2
B3_OURO_PRATA,GERENTE DE COMPRAS,230,7.27,4
B3_OURO_PRATA,GERENTE DE SUPRIMENTOS,176,5.57,10
B3_OURO_PRATA,ENGENHEIRO DE PROJETOS,157,4.97,4
B3_OURO_PRATA,COORDENADORA DE SUPRIMENTOS,109,3.45,1
B3_OURO_PRATA,DIRETOR COMERCIAL,80,2.53,2
B3_OURO_PRATA,RIO+ SANEAMENTO BL3 S.A,65,2.06,1
B3_OURO_PRATA,SUPPLY CHAIN,59,1.87,4
B3_OURO_PRATA,STRATEGIC SOURCING & SUPPLY CHAIN,56,1.77,1
B3_OURO_PRATA,DIRETOR DE PROJETOS,51,1.61,2
B3_OURO_PRATA,COORDENADOR DE ENGENHARIA,42,1.33,1
B3_OURO_PRATA,PROCUREMENT MANAGER,41,1.30,9
B3_OURO_PRATA,ADMINISTRADOR,41,1.30,1
B3_OURO_PRATA,GERENTE DE MARKETING CEMIG,40,1.27,1
B3_OURO_PRATA,GERENTE DE TECNOLOGIA,38,1.20,1
B3_OURO_PRATA,COMPRAS,35,1.11,1
B3_OURO_PRATA,ENGENHEIRO CIVIL,34,1.08,4
B3_OURO_PRATA,PRESIDENTE,33,1.04,1
B3_OURO_PRATA,GERENTE DE PROJETOS,31,0.98,6
B3_OURO_PRATA,GERENTE DE ENGENHARIA,31,0.98,8
B3_OURO_PRATA,SUPPLY CHAIN MANAGER,30,0.95,3
B3_OURO_PRATA,COMPRADOR,20,0.63,3
B3_OURO_PRATA,PROCUREMENT DIRECTOR,19,0.60,1
B3_OURO_PRATA,SOCIO-ADMINISTRADOR,19,0.60,1
B3_OURO_PRATA,PARTNER,18,0.57,1
B3_OURO_PRATA,HEAD DE SUPRIMENTOS,17,0.54,1
B3_OURO_PRATA,SUPRIMENTOS,17,0.54,1
B3_OURO_PRATA,GERENTE DE MANUTENCAO,16,0.51,2
B3_OURO_PRATA,DIRETOR EXECUTIVO DE REGULACAO,16,0.51,1
B3_OURO_PRATA,PURCHASING MANAGER,15,0.47,1
B3_OURO_PRATA,HEAD OF PROCUREMENT,15,0.47,5
B3_OURO_PRATA,DIRETOR DE OPERACOES E MANUTENCAO,14,0.44,1
B3_OURO_PRATA,COMPRADOR SENIOR,14,0.44,1
B3_OURO_PRATA,PROJECT MANAGER,14,0.44,2
B3_OURO_PRATA,GERENTE DE COMPRAS E PLANEJAMENTO,13,0.41,1
B3_OURO_PRATA,GLOBAL HEAD OF PROCUREMENT,12,0.38,1
B3_OURO_PRATA,EXECUTIVO DE SUPPLY CHAIN & OPERACOES,12,0.38,1
B3_OURO_PRATA,"FACILITADOR, ARTICULADOR COM BOA ...",11,0.35,1
B3_OURO_PRATA,"CEO PEC ENERGY (CONTROLADORA SERRA DA IBIAPABA 4/6/7, CARNAUBAL CE)",11,0.35,1
B3_OURO_PRATA,"DIRETOR DE SUPRIMENTOS, GERENTE DE ...",10,0.32,1
B3_OURO_PRATA,HEAD DE COMPRAS,10,0.32,1
B3_OURO_PRATA,GERENTE DE SUPRIMENTOS & SUPPLY CHAIN,10,0.32,1
B3_OURO_PRATA,COORDENADOR REGIONAL DE OPERACOES (SARANDI) - ISA CTEEP,9,0.28,1
B3_OURO_PRATA,AGIS CONSTRUCAO S.A,9,0.28,1
B3_OURO_PRATA,SUPPLY CHAIN MANAGER OPEX,9,0.28,1
B3_OURO_PRATA,COORDENADOR DE PLANEJAMENTO DE EXPANSAO E ESTUDOS - ISA CTEEP,9,0.28,1
B3_OURO_PRATA,COORDENADOR DE SUBESTACOES E MANUTENCAO (BANDEIRANTES) - ISA CTEEP,9,0.28,1
B3_OURO_PRATA,ENGENHARIA,8,0.25,1
B3_OURO_PRATA,SENIOR PROCUREMENT ANALYST,8,0.25,1
B3_OURO_PRATA,STRATEGIC SOURCING,8,0.25,2
B3_OURO_PRATA,ENGENHEIRO CIVIL ESPECIALISTA EM RSU,7,0.22,1
B3_OURO_PRATA,CCA+. CONSELHEIRA DE ADM. DA AXIA ENERGIA S.A ...,7,0.22,1
B3_OURO_PRATA,COMMERCIAL DIRECTOR TOWAGE (REBOCADORES) WILSON SONS,7,0.22,1
B3_OURO_PRATA,PROCUREMENT DEPARTMENT MANAGER,7,0.22,1
B3_OURO_PRATA,LEAD SOURCING SPECIALIST,7,0.22,1
B3_OURO_PRATA,GERENTE DE SUPPLY CHAIN,7,0.22,1
B3_OURO_PRATA,NAO ESPECIFICADO,6,0.19,1
B3_OURO_PRATA,SR PROJECT ENGINEER,6,0.19,1
B3_OURO_PRATA,COMPRADOR CAPEX,6,0.19,1
B3_OURO_PRATA,AVIVAR ALIMENTOS S/A.,6,0.19,1
B3_OURO_PRATA,AUREN ENERGIA S.A,6,0.19,1
B3_OURO_PRATA,GERENTE DE COMPRAS E SUPRIMENTOS / EXECUTIVA ...,6,0.19,1
B3_OURO_PRATA,GERENTE INDUSTRIAL,6,0.19,1
B3_OURO_PRATA,--,5,0.16,1
B3_OURO_PRATA,SUPPLY CHAIN / PROCUREMENT / CAPEX / PROJECT AND ...,5,0.16,1
B3_OURO_PRATA,SUPERVISAO,5,0.16,1
B3_OURO_PRATA,SOCIO DA VERTICE. MEMBRO TITULAR DO CONSELHO FISCAL ...,5,0.16,1
B3_OURO_PRATA,SENIOR PROCUREMENT MANAGER,5,0.16,1
B3_OURO_PRATA,PURCHASING DIRECTOR,5,0.16,1
B3_OURO_PRATA,ENGENHEIRO MECANICO,5,0.16,1
B3_OURO_PRATA,ENGENHEIRO CIVIL ESPECIALISTA,5,0.16,1
B3_OURO_PRATA,DIRETOR COMERCIAL DP WORLD SANTOS,5,0.16,1
B3_OURO_PRATA,HEAD OF ACCOUNTING,5,0.16,1
B3_OURO_PRATA,HEAD DE DESENVOLVIMENTO E COMPRAS HONDA AUTOMOVEIS (ITIRAPINA),5,0.16,1
B3_OURO_PRATA,GERENTE SUPPLY CHAIN,5,0.16,1
B3_OURO_PRATA,EXECUTIVO DE COMPRAS| GERENTE DE COMPRAS,5,0.16,1
B3_OURO_PRATA,ENGENHEIRO CIVIL SENIOR,4,0.13,1
B3_OURO_PRATA,PROCUREMENT MANAGER LATAM,4,0.13,1
B3_OURO_PRATA,DIRETOR SUPPLY CHAIN · GERDAU ACOS BRASIL,4,0.13,1
B3_OURO_PRATA,COORDENADOR SUPPLY CHAIN - PRIO S.A.,4,0.13,1
B3_OURO_PRATA,PROJECT ENGINEER,4,0.13,2
B3_OURO_PRATA,COMPRADOR ESPECIALISTA,4,0.13,1
B3_OURO_PRATA,COO - PRIO S.A.,4,0.13,1
B3_OURO_PRATA,SANEPAR CIA DE SANEAMENTO DO PARANA,4,0.13,1
B3_OURO_PRATA,"SUPPLY CHAIN PLANNING, PROJECTS AND DIGITAL ...",4,0.13,1
B3_OURO_PRATA,ESPECIALISTA EM STRATEGIC SOURCING,4,0.13,1
B3_OURO_PRATA,GERENTE DE SUPRIMENTOS PLANO ...,4,0.13,1
B3_OURO_PRATA,COMPRADORA,4,0.13,2
B3_OURO_PRATA,GERENTE DE LOGISTICA,4,0.13,1
B3_OURO_PRATA,ENGENHARIA DE PLANEJAMENTO,4,0.13,1
B3_OURO_PRATA,STRATEGIC SOURCING SPECIALIST,4,0.13,1
B3_OURO_PRATA,GERENTE DE PROJETOS ...,4,0.13,1
B3_OURO_PRATA,ENGENHEIRO CIVIL AVALIADOR,4,0.13,1
B3_OURO_PRATA,ENGENHEIRO MECANICO (GERENCIA ...,4,0.13,1
B3_OURO_PRATA,DIRETOR DE SUPRIMENTOS AMERICA LATINA ...,4,0.13,1
B3_OURO_PRATA,CHIEF PROCUREMENT OFFICER,3,0.09,1
B3_OURO_PRATA,SENIOR PURCHASING & SUPPLY CHAIN EXECUTIVE,3,0.09,1
B3_OURO_PRATA,HEAD OF SUPPLY CHAIN,3,0.09,2
B3_OURO_PRATA,MBA IN SUPPLY CHAIN MANAGEMENT.,3,0.09,1
B3_OURO_PRATA,GERENTE DE PROJETOS E ENGENHARIA,3,0.09,1
B3_OURO_PRATA,GERENTE DE COMPRAS COAMO,3,0.09,1
B3_OURO_PRATA,DIRETOR DE OPERACOES / ENGENHEIRO ELETRICISTA - GRUPO RIALMA,3,0.09,1
B3_OURO_PRATA,GERENTE DE ENGENHARIA DE MANUTENCAO,3,0.09,1
B3_OURO_PRATA,GERENTE DE PROJETOS SENIOR,3,0.09,1
B3_OURO_PRATA,GLOBAL PROCUREMENT LEADER,3,0.09,1
B3_OURO_PRATA,PROCUREMENT MANAGER ELETROBRAS,3,0.09,1
B3_OURO_PRATA,CONTRACTS & PROCUREMENT MANAGER,3,0.09,1
B3_OURO_PRATA,GERENTE INDUSTRIAL E DE MANUTENCAO,3,0.09,1
B3_OURO_PRATA,GERENTE GERAL DE ENGENHARIA,3,0.09,1
B3_OURO_PRATA,SUPRIMENTOS CAPEX,3,0.09,1
B3_OURO_PRATA,COMPRADORA CAPEX I AXIA ENERGIA,3,0.09,1
B3_OURO_PRATA,EXECUTIVA SENIOR DE SUPPLY CHAIN EM DEMANDAS ...,3,0.09,1
B3_OURO_PRATA,GERENTE DE SUPRIMENTOS PARA PROJETOS,3,0.09,1
B3_OURO_PRATA,ESPECIALISTAS EM LOGISTICA E SUPPLY CHAIN.,3,0.09,1
B3_OURO_PRATA,"DIRETOS, INDIRETOS & CAPEX",3,0.09,1
B3_OURO_PRATA,GERENTE DE SUPRIMENTOS ...,3,0.09,1
B3_OURO_PRATA,GERENTE DE PROJETOS SENIOR ...,3,0.09,1
B3_OURO_PRATA,"GERENTE DE ENGENHARIA, MANUTENCAO E ENERGIAS",3,0.09,1
B3_OURO_PRATA,GENERAL OPERATIONS MANAGER,3,0.09,1
B3_OURO_PRATA,PROCUREMENT,2,0.06,1
B3_OURO_PRATA,ARAUCO CELULOSE DO BRASIL S.A,2,0.06,1
B3_OURO_PRATA,ASSISTENTE ADMINISTRATIVO SUPPLY CHAIN ...,2,0.06,1
B3_OURO_PRATA,CATEGORY BUYER,2,0.06,1
B3_OURO_PRATA,COMPRADOR ESTRATEGICO,2,0.06,1
B3_OURO_PRATA,COMPRADOR PLENO RRP ENERGIA LTDA,2,0.06,1
B3_OURO_PRATA,COMPRADOR SR,2,0.06,1
B3_OURO_PRATA,COORDENADOR DE COMPRAS,2,0.06,1
B3_OURO_PRATA,COORDENADOR DE OPERACOES,2,0.06,1
B3_OURO_PRATA,COORDENADOR DE SUPRIMENTOS DE ENGENHARIA,2,0.06,1
B3_OURO_PRATA,DIRETOR CONTROLADORIA E FINANCAS,2,0.06,1
B3_OURO_PRATA,DIRETOR DE ENGENHARIA,2,0.06,1
B3_OURO_PRATA,DIRETOR DE SUPPLY CHAIN LATAM,2,0.06,1
B3_OURO_PRATA,DIRETORA JURIDICA E COMPLIANCE,2,0.06,1
B3_OURO_PRATA,DIRETORA REGIONAL DE SUPPLY CHAIN,2,0.06,1
B3_OURO_PRATA,ENGENHARIA  DE MECANICA,2,0.06,1
B3_OURO_PRATA,ENGENHARIA CIVIL,2,0.06,2
B3_OURO_PRATA,ENGENHEIRA PROJETISTA,2,0.06,1
B3_OURO_PRATA,ENGENHEIRO CIVIL DE PROJETOS,2,0.06,1
B3_OURO_PRATA,ENGENHEIRO CIVIL/MILITAR,2,0.06,1
B3_OURO_PRATA,ENGENHEIRO DE PROJETOS DE ELETRICIDADE,2,0.06,1
B3_OURO_PRATA,ESPECIALISTA COMPRAS CAPEX,2,0.06,1
B3_OURO_PRATA,EXECUTIVO DE SUPPLY CHAIN AND PROCUREMENT,2,0.06,1
B3_OURO_PRATA,GERENTE COMERCIAL RAIZEN COMBUSTIVEIS SA,2,0.06,1
B3_OURO_PRATA,GERENTE DE ENGENHARIA - GRUPO AGIS,2,0.06,1
B3_OURO_PRATA,GERENTE DE ENGENHARIA / ENGENHEIRA CIVIL ...,2,0.06,1
B3_OURO_PRATA,GERENTE DE ENGENHARIA DE TUBULACAO,2,0.06,1
B3_OURO_PRATA,GERENTE DE OPERACOES - AGRION FERTILIZANTES,2,0.06,1
B3_OURO_PRATA,"GERENTE DE PROJETOS, GERENTE DE CONTRATOS ...",2,0.06,1
B3_OURO_PRATA,GERENTE DE SUPRIMENTOS DE PROJETO,2,0.06,1
B3_OURO_PRATA,GERENTE DE SUPRIMENTOS EM PROJETOS,2,0.06,1
B3_OURO_PRATA,LEAD SUPPLY CHAIN OPTIMIZATION,2,0.06,1
B3_OURO_PRATA,LOGISTICS & SUPPLY CHAIN,2,0.06,1
B3_OURO_PRATA,MAINTENANCE MANAGER L TECHNICAL ...,2,0.06,1
B3_OURO_PRATA,"MANAGER, GLOBAL TECHNICAL SALES TEAM",2,0.06,1
B3_OURO_PRATA,PROCUREMENT & STRATEGIC SOURCING,2,0.06,1
B3_OURO_PRATA,"PROCUREMENT, SUPRIMENTOS, SUPPLY CHAIN, COMPRAS ...",2,0.06,1
B3_OURO_PRATA,PROJECT ENGINEERING,2,0.06,1
B3_OURO_PRATA,PROJETOS,2,0.06,1
B3_OURO_PRATA,"PURCHASING, PROCUREMENT, CONTRACTS MANAGEMENT",2,0.06,1
B3_OURO_PRATA,SENIOR BUYER,2,0.06,1
B3_OURO_PRATA,SENIOR PURCHASING MANAGER,2,0.06,1
B3_OURO_PRATA,SOFTWARE ENGINEERING MANAGER,2,0.06,1
B3_OURO_PRATA,SR DC CAPEX PROCUREMENT MANAGER,2,0.06,1
B3_OURO_PRATA,STRATEGIC PROCUREMENT & CAPEX LEADER,2,0.06,1
B3_OURO_PRATA,SUBESTACOES); SOURCING; PROCUREMENT.,2,0.06,1
B3_OURO_PRATA,SUPPLY CHAIN / PURCHASING MANAGER / ADMINISTRATOR ...,2,0.06,1
B3_OURO_PRATA,SUPPLY CHAIN DIRECTOR,2,0.06,1
B3_OURO_PRATA,SUPPLY CHAIN TRANSFORMATION LEADER,2,0.06,1
B3_OURO_PRATA,TAX & ACCOUNTING DIRECTOR,2,0.06,1
B3_OURO_PRATA,ENGENHEIRO DE PROJETOS SENIOR,1,0.03,1
B3_OURO_PRATA,GERENTE DE ENGENHARIA DE PROCESSOS,1,0.03,1
B3_OURO_PRATA,SUPERVISORA DE SUPPLY CHAIN,1,0.03,1
B3_OURO_PRATA,GERENTE DE ENGENHARIA E ...,1,0.03,1
B3_OURO_PRATA,GERENTE DE ENGENHARIA E CONSTRUCAO,1,0.03,1
B3_OURO_PRATA,GERENTE DE ENGENHARIA E MANUTENCAO,1,0.03,1
B3_OURO_PRATA,GERENTE DE ENGENHARIA E MANUTENCAO INDUSTRIAL,1,0.03,1
B3_OURO_PRATA,ENGENHEIRO DE PROJETOS DE ENGENHARIA ...,1,0.03,1
B3_OURO_PRATA,ENGENHEIRO DE INSTALACOES,1,0.03,1
B3_OURO_PRATA,ENGENHEIRO CIVIL/ AMBIENTAL,1,0.03,1
B3_OURO_PRATA,ENGENHEIRO CIVIL SENIOR DA ...,1,0.03,1
B3_OURO_PRATA,GERENTE DE OBRAS,1,0.03,1
B3_OURO_PRATA,BUYER,1,0.03,1
B3_OURO_PRATA,GERENTE DE PESQUISA E INOVACAO - PORTO DO ITAQUI (EMAP),1,0.03,1
B3_OURO_PRATA,ENGENHEIRO CIVIL MASTER,1,0.03,1
B3_OURO_PRATA,ENGENHEIRO CIVIL I GERENTE DE ENGENHARIA I ...,1,0.03,1
B3_OURO_PRATA,GERENTE DE PROJETOS / GERENTE DE CONTRATOS ...,1,0.03,1
B3_OURO_PRATA,GERENTE DE PROJETOS ARCELORMITTAL BRASIL,1,0.03,1
B3_OURO_PRATA,GERENTE DE PROJETOS DE ENGENHARIA,1,0.03,1
B3_OURO_PRATA,GERENTE DE PROJETOS DE MEIO AMBIENTE,1,0.03,1
B3_OURO_PRATA,GERENTE DE PROJETOS DETECNOLOGIA DA ...,1,0.03,1
B3_OURO_PRATA,ENGENHEIRO CIVIL FOCADO EM GESTAO E ...,1,0.03,1
B3_OURO_PRATA,GERENTE DE PROJETOS E ENGENHEIRO DE PROCESSO,1,0.03,1
B3_OURO_PRATA,GERENTE DE PROJETOS E OBRAS,1,0.03,1
B3_OURO_PRATA,GERENTE DE PROJETOS E SISTEMAS DE TI,1,0.03,1
B3_OURO_PRATA,GERENTE DE PROJETOS EM M&A NO IDIS,1,0.03,1
B3_OURO_PRATA,ENGENHEIRO CIVIL E GEOTECNICO,1,0.03,1
B3_OURO_PRATA,ENGENHEIRO CIVIL E ...,1,0.03,1
B3_OURO_PRATA,BUSINESS ADMINISTRATION / SUPPLY CHAIN,1,0.03,1
B3_OURO_PRATA,"GERENTE DE PROJETOS, PMO, MESTRE EM GESTAO ...",1,0.03,1
B3_OURO_PRATA,"GERENTE DE PROJETOS, PROCESSOS E ...",1,0.03,1
B3_OURO_PRATA,ENGENHARIA DE MANUTENCAO,1,0.03,1
B3_OURO_PRATA,ENGENHARIA AMBIENTAL L LICENCIAMENTO ...,1,0.03,1
B3_OURO_PRATA,ENGENHARIA - MANUTENCAO - PROJETOS,1,0.03,1
B3_OURO_PRATA,GERENTE DE SUPRIMENTOS & SUPPLY CHAIN ...,1,0.03,1
B3_OURO_PRATA,EDISON CHOUEST OFFSHORE / BRASIL PORT,1,0.03,1
B3_OURO_PRATA,GERENTE DE SUPRIMENTOS / COMPRAS / CONSTRUCAO CIVIL,1,0.03,1
B3_OURO_PRATA,GERENTE DE SUPRIMENTOS / DESENVOLVIMENTO E ...,1,0.03,1
B3_OURO_PRATA,GERENTE DE SUPRIMENTOS CORPORATIVO,1,0.03,1
B3_OURO_PRATA,GERENTE DE SUPRIMENTOS DA BATERIAS MOURA,1,0.03,1
B3_OURO_PRATA,AENA BRASIL SA,1,0.03,1
B3_OURO_PRATA,GERENTE DE SUPRIMENTOS E LOGISTICA,1,0.03,1
B3_OURO_PRATA,SUPPLY CHAIN @PSYCHOBUNNY,1,0.03,1
B3_OURO_PRATA,GERENTE DE SUPRIMENTOS I SUPPLY CHAIN ...,1,0.03,1
B3_OURO_PRATA,GERENTE DE SUPRIMENTOS L PROCUREMENT L ...,1,0.03,1
B3_OURO_PRATA,DIRETORA NOVOS PROJETOS GLP,1,0.03,1
B3_OURO_PRATA,DIRETOR-PRESIDENTE INFRA S.A. (EXECUTORA PUBLICA FIOL),1,0.03,1
B3_OURO_PRATA,DIRETOR-PRESIDENTE DA TLSA (GRUPO CSN),1,0.03,1
B3_OURO_PRATA,DIRETOR TERMINAL PORTUARIO DE ALCANTARA,1,0.03,1
B3_OURO_PRATA,DIRETOR OPERACIONAL/DIRETOR DE ENGENHARIA VLI MULTIMODAL,1,0.03,1
B3_OURO_PRATA,DIRETOR INDUSTRIAL,1,0.03,1
B3_OURO_PRATA,GERENTE REGIONAL DE LOGISTICA,1,0.03,1
B3_OURO_PRATA,DIRETOR EXECUTIVO - AEGEA,1,0.03,1
B3_OURO_PRATA,GESTAO DE PROCESSOS E OPEX/CAPEX.,1,0.03,1
B3_OURO_PRATA,GESTAO DE PROJETOS,1,0.03,1
B3_OURO_PRATA,GESTAO EM SUPPLY CHAIN,1,0.03,1
B3_OURO_PRATA,GESTOR EM COMPRAS POWERTRAIN HYUNDAI MOTOR BRASIL (PIRACICABA),1,0.03,1
B3_OURO_PRATA,GESTOR INDUSTRIAL * SUPPLY CHAIN ...,1,0.03,1
B3_OURO_PRATA,DIRETOR ELDORADO BRASIL CELULOSE (TRES LAGOAS MS),1,0.03,1
B3_OURO_PRATA,DIRETOR DE SUPPLY CHAIN,1,0.03,1
B3_OURO_PRATA,GLOBAL SUPPLY CHAIN & PROCUREMENT LEADER - DATA CENTERS (HORTOLANDIA),1,0.03,1
B3_OURO_PRATA,DIRETOR DE RELACOES INSTITUCIONAIS,1,0.03,1
B3_OURO_PRATA,HEAD DE COMPRAS/SUPRIMENTOS ...,1,0.03,1
B3_OURO_PRATA,"DIRETOR DE COMPRAS, SEGUROS E SERVICOS GERAIS ...",1,0.03,1
B3_OURO_PRATA,HEAD DE MANUTENCAO,1,0.03,1
B3_OURO_PRATA,DIRETOR DE COMPRAS AMERICA LATINA,1,0.03,1
B3_OURO_PRATA,HEAD DE SUPRIMENTOS/GERENTE DE COMPRAS ...,1,0.03,1
B3_OURO_PRATA,DIRETOR DE COMPRAS,1,0.03,1
B3_OURO_PRATA,HEAD OF LOGISTICS OPERATIONS,1,0.03,1
B3_OURO_PRATA,DIRETOR DE BUSINESS SUPERGASBRAS (SPE ULTRAGAZ+SUPERGASBRAS PECEM),1,0.03,1
B3_OURO_PRATA,HEAD OF PROCUREMENT AMERICAS,1,0.03,1
B3_OURO_PRATA,HEAD OF PROCUREMENT SCANIA SOUTHERN AFRICA,1,0.03,1
B3_OURO_PRATA,HEAD OF REGIONAL PROCUREMENT AND SUPPLY CHAIN,1,0.03,1
B3_OURO_PRATA,DIRETOR - INPASA AGROINDUSTRIAL,1,0.03,1
B3_OURO_PRATA,HEAD OF SUPPLY CHAIN MANAGEMENT,1,0.03,1
B3_OURO_PRATA,IT MANAGER,1,0.03,1
B3_OURO_PRATA,JOINT VENTURE CMPC CELULOSE + NELTUME PORTS - OPERACAO 2028,1,0.03,1
B3_OURO_PRATA,DHL SUPPLY CHAIN,1,0.03,1
B3_OURO_PRATA,SUPPLY CHAIN DESIGN STRATEGIST,1,0.03,1
B3_OURO_PRATA,LOGISTIC & PURCHASING MANAGER,1,0.03,1
B3_OURO_PRATA,LOGISTICA & SUPPLY CHAIN,1,0.03,1
B3_OURO_PRATA,LOGISTICA E SUPPLY CHAIN,1,0.03,1
B3_OURO_PRATA,ADM CONTRACTUAL DIRECTOR,1,0.03,1
B3_OURO_PRATA,SUPPLY CHAIN EXPERT,1,0.03,1
B3_OURO_PRATA,B2B & CAPEX,1,0.03,1
B3_OURO_PRATA,"MANAGER, SALES & SUPPLY CHAIN",1,0.03,1
B3_OURO_PRATA,CORPORATE COMMUNICATIONS MANAGER,1,0.03,1
B3_OURO_PRATA,MBA-SUPPLY CHAIN| CUSTOMER SERVICE,1,0.03,1
B3_OURO_PRATA,COORDENADOR DE SUPRIMENTOS,1,0.03,1
B3_OURO_PRATA,OPERATIONS LEADER,1,0.03,1
B3_OURO_PRATA,OPERATIONS MANAGER,1,0.03,1
B3_OURO_PRATA,OPERATIONS MANAGER - NEW WAVE CARTAGE - LINKEDIN,1,0.03,1
B3_OURO_PRATA,OPERATIONS MANAGER @PICK'N'DRIVE AUTO ...,1,0.03,1
B3_OURO_PRATA,OPERATIONS/PROJECT MANAGER ...,1,0.03,1
B3_OURO_PRATA,COORDENADOR DE PROJETOS,1,0.03,1
B3_OURO_PRATA,PHARMACEUTICAL SUPPLY CHAIN,1,0.03,1
B3_OURO_PRATA,PLANEJADOR DE MANUTENCAO,1,0.03,1
B3_OURO_PRATA,PLANT MAINTENANCE MANAGER,1,0.03,1
B3_OURO_PRATA,PMO ; GERENTE DE PROJETOS,1,0.03,1
B3_OURO_PRATA,COORDENADOR DE LOGISTICA E SUPRIMENTOS,1,0.03,1
B3_OURO_PRATA,PRESIDENTE - PETROCITY PORTOS (OPERADORA DO CPSM),1,0.03,1
B3_OURO_PRATA,COORDENADOR DE LOGISTICA / MERCADO LIVRE - LINKEDIN,1,0.03,1
B3_OURO_PRATA,SUPPLY CHAIN MANAGER I HEAD OF SUPPLY ...,1,0.03,1
B3_OURO_PRATA,PROCUREMENT & SUPPLY CHAIN,1,0.03,1
B3_OURO_PRATA,COORDENADOR DE ENGENHARIA - AEGEA SANEAMENTO,1,0.03,1
B3_OURO_PRATA,COORDENADOR DE ENERGIA E EFICIENCIA ENERGETICA - AEGEA,1,0.03,1
B3_OURO_PRATA,PROCUREMENT L SUPPLY CHAIN L BUYER L PURCHASER L ...,1,0.03,1
B3_OURO_PRATA,COORDENADOR COMPRAS/SUPRIMENTOS,1,0.03,1
B3_OURO_PRATA,COO SIGMA LITHIUM,1,0.03,1
B3_OURO_PRATA,COMPRAS/CONTRATOS CORPORATIVOS - PORTONAVE S/A TERMINAIS NAVEGANTES,1,0.03,1
B3_OURO_PRATA,AURA MINERALS INC,1,0.03,1
B3_OURO_PRATA,PROFISSIONAL DE COMPRAS & SUPPLY CHAIN,1,0.03,1
B3_OURO_PRATA,PROFISSIONAL DE LOGISTICA E SUPPLY CHAIN,1,0.03,1
B3_OURO_PRATA,PROGRAMA FEDERAL - SUBSTITUICAO 700 PONTES MADEIRA RODOVIAS FEDERAIS,1,0.03,1
B3_OURO_PRATA,COMPRAS / SUPPLY CHAIN,1,0.03,1
B3_OURO_PRATA,SUPPLY CHAIN OPTIMIZATION,1,0.03,1
B3_OURO_PRATA,COMPRADORA SENIOR,1,0.03,1
B3_OURO_PRATA,PROJECT MANAGER / GERENTE DE ENGENHARIA / INFRA ...,1,0.03,1
B3_OURO_PRATA,PROJETISTA MECANICO,1,0.03,1
B3_OURO_PRATA,PROJETISTA NO GRUPO UNIPAR,1,0.03,1
B3_OURO_PRATA,SUPPLY CHAIN PLANNING,1,0.03,1
B3_OURO_PRATA,PUBLIC SERVANT,1,0.03,1
B3_OURO_PRATA,COMPRADORA CAPEX,1,0.03,1
B3_OURO_PRATA,COMPRADOR TECNICO,1,0.03,1
B3_OURO_PRATA,ALD BIOENERGIA DECIOLANDIA S/A,1,0.03,1
B3_OURO_PRATA,RAW MATERIALS PROCUREMENT,1,0.03,1
B3_OURO_PRATA,COMPRADOR PLENO,1,0.03,1
B3_OURO_PRATA,REPRESENTANTE BRASIL MAGNESIO DO NORDESTE (EMPRESARIO/SOCIO),1,0.03,1
B3_OURO_PRATA,"RESPONSAVEL LC TERMINAIS PORTUARIOS (LYON CAPITAL + CCCC, TGNL SAO LUIS MA)",1,0.03,1
B3_OURO_PRATA,COMPRADOR / PROCUREMENT / BUYER ...,1,0.03,1
B3_OURO_PRATA,SALES REPRESENTATIVE,1,0.03,1
B3_OURO_PRATA,COMMERCIAL SUPPLY CHAIN ANALYST,1,0.03,1
B3_OURO_PRATA,UPS SUPPLY CHAIN SOLUTIONS,1,0.03,1
B3_OURO_PRATA,SENIOR BUYER - FOCUS ON INFRASTRUCTURE AND IT,1,0.03,1
B3_OURO_PRATA,"SENIOR BUYER, ENGINEERED MATERIALS",1,0.03,1
B3_OURO_PRATA,SENIOR INFRASTRUCTURE AND TECHNOLOGY EXECUTIVE,1,0.03,1
B3_OURO_PRATA,SENIOR PROCUREMENT & SUPPLY CHAIN MANAGER,1,0.03,1
B3_OURO_PRATA,COMMERCIAL DIRECTOR / NEW BUSINESS AGEO TERMINALS (GRUPO SIMOES + EBT),1,0.03,1
B3_OURO_PRATA,COMMERCIAL AND PURCHASING MANAGER ...,1,0.03,1
B3_OURO_PRATA,CEO DOF SUBSEA (CONTRATO R$11BI PETROBRAS 4 PSVS NAVSHIP),1,0.03,1
B3_OURO_PRATA,"SUPPLY CHAIN, PROCUREMENT, CONTRACTS, COMMERCIAL",1,0.03,1
B3_OURO_PRATA,SENIOR STRATEGIC BUYER,1,0.03,1
B3_OURO_PRATA,SERVICE PROCUREMENT MANAGER,1,0.03,1
B3_OURO_PRATA,SOCIETARIO,1,0.03,1
B3_OURO_PRATA,CATEGORY MANAGER,1,0.03,1
B3_OURO_PRATA,SOCIO DELCO COMERCIO E CONSTRUCOES (APOSTILAMENTO ARENA VALPARAISO II),1,0.03,1
B3_OURO_PRATA,CAPITAL PROJECTS & ENGINEERING MANAGER,1,0.03,1
B3_OURO_PRATA,"SUPPLY CHAIN, SAP E PROCESSOS DE COMPRAS",1,0.03,1
B3_OURO_PRATA,SPECIALIST AFTERMARKET BUYER,1,0.03,1
B3_OURO_PRATA,SUPPLY CHAIN/LOGISTICS MANAGEMENT,1,0.03,1
B3_OURO_PRATA,CAPITAL PROJECTS & CAPEX STRATEGY,1,0.03,1
B3_OURO_PRATA,"SR PURCHASING MANAGER, GLOBAL SUPPLIER COST ...",1,0.03,1
B3_OURO_PRATA,SR SUPPLY CHAIN & OPERATIONS LEADER,1,0.03,1
B3_OURO_PRATA,STEEL SOURCING ANALYST LATAM,1,0.03,1
B3_OURO_PRATA,SUPPLY CHAIN|LOGISTICS|PROJECTS,1,0.03,1
B3_OURO_PRATA,CAPEX E OPEX.,1,0.03,1
B3_OURO_PRATA,CANAL RH (ROLE-BASED),1,0.03,1
B3_OURO_PRATA,STRATEGIC SOURCING MANAGER,1,0.03,1
B3_OURO_PRATA,EXECUTIVO DE PROCUREMENT E SUPPLY CHAIN,1,0.03,1
B3_OURO_PRATA,EXECUTIVO DE SANEAMENTO 25 ANOS DE ...,1,0.03,1
B3_OURO_PRATA,"ESTRATEGIA, TECNOLOGIA, CAPEX/MRO, SAP ARIBA",1,0.03,1
B3_OURO_PRATA,BUYER/COMPRAS/SUPRIMENTOS/CONTRATACOES,1,0.03,1
B3_OURO_PRATA,EXECUTIVO DE SUPPLY CHAIN E SUPRIMENTOS,1,0.03,1
B3_OURO_PRATA,EXECUTIVO SENIOR DE SUPPLY CHAIN,1,0.03,1
B3_OURO_PRATA,ESPECIALISTA SUPPLY CHAIN & LOGISTICA OFFSHORE,1,0.03,1
B3_OURO_PRATA,FERTILIZERS INDUSTRIAL MANAGER,1,0.03,1
B3_OURO_PRATA,FINANCEIRO DE OBRAS / CAPEX / CONTRATOS ...,1,0.03,1
B3_OURO_PRATA,FUNDO DESENVOLVIMENTO INFRAESTRUTURA BA - PPP RODOVIAS 1000KM,1,0.03,1
B3_OURO_PRATA,"FUNDO MARINHA MERCANTE R$409,7M - INDUSTRIA NAVAL AMAZONAS",1,0.03,1
B3_OURO_PRATA,GENERAL MANAGER SUPPLY CHAIN,1,0.03,1
B3_OURO_PRATA,ESPECIALISTA EM SUPPLY CHAIN,1,0.03,1
B3_OURO_PRATA,GERENTE COMERCIAL RACAO ANIMAL NO ...,1,0.03,1
B3_OURO_PRATA,"SUPPLY ENGINEER / PROCUREMENT MANAGER, CONTRACT ...",1,0.03,1
B3_OURO_PRATA,GERENTE COMPRAS / COMERCIAL,1,0.03,1
B3_OURO_PRATA,ESPECIALISTA EM PCP & SUPPLY CHAIN,1,0.03,1
B3_OURO_PRATA,ENGINEERING SPECIALIST,1,0.03,1
B3_OURO_PRATA,GERENTE DE COMPRAS E CONTRATOS SEACREST PETROLEO,1,0.03,1
B3_OURO_PRATA,GERENTE DE COMPRAS E LICITACOES,1,0.03,1
B3_OURO_PRATA,ENGINEERING MANAGER,1,0.03,1
B3_OURO_PRATA,ENGENHEIRO MECANICO SENIOR ...,1,0.03,1
B3_OURO_PRATA,GERENTE DE COMPRAS REGIONAL,1,0.03,1
B3_OURO_PRATA,GERENTE DE COMPRAS SHEMAR LATAM HOLDING LTDA,1,0.03,1
B3_OURO_PRATA,"GERENTE DE COMPRAS, LICITACOES E CONTRATOS",1,0.03,1
B3_OURO_PRATA,ENGENHEIRO MECANICO DE PROJETOS,1,0.03,1
B3_OURO_PRATA,BUYER / SUPPLY CHAIN / ANALISTA DE SUPRIMENTOS - AEGEA SANEAMENTO,1,0.03,1
B3_OURO_PRATA,SUPERVISORA DE COMPRAS,1,0.03,1
