id|nome|empresa|cnpj|valor_estimado|uf|setor
44f06f4a-fde2-4ae3-a0a4-f1b85eff0835|Campo de Petróleo: Búzios (Transfer of Rights) (Santos)|PETRÓLEO BRASILEIRO S.A. - PETROBRAS|33000167000101|384000000000|RJ|PETROLEO_GAS
45ba3d5d-e43e-44da-b256-fcee3e6d4932|Campo de Petróleo: Tupi / Lula (Santos)|PETRÓLEO BRASILEIRO S.A. - PETROBRAS|33000167000101|50000000000.0|RJ|PETROLEO_GAS
c7a66105-95e0-436e-a0ea-f81b87b0efff|Campo de Petróleo: Mero / Libra (Santos)|PETRÓLEO BRASILEIRO S.A. - PETROBRAS|33000167000101|40000000000.0|RJ|PETROLEO_GAS
4b420bb6-b43d-4a94-b9a4-10f8c5ebdec1|Sucuriú|ARAUCO CELULOSE DO BRASIL S.A.|47658073000139|25000000000|MS|ENERGIA
646af503-bf70-48b0-94d0-d2a9a40056fd|Projeto Sucuriú (Arauco)|Projeto Sucuriú (Arauco)|16404287000155|25000000000|MS|INDUSTRIAL
e02784c0-8ab2-4189-a100-34f473b5d6c3|Campo de Petróleo: BM-SEAL-11 / Sergipe Águas Profundas (Sergipe-Alagoas)|PETRÓLEO BRASILEIRO S.A. - PETROBRAS|33000167000101|25000000000.0|SE|PETROLEO_GAS
bd008279-505a-4145-b6e3-bd42607aaa30|Campo de Petróleo: Roncador (Campos)|PETRÓLEO BRASILEIRO S.A. - PETROBRAS|33000167000101|20000000000.0|RJ|PETROLEO_GAS
b0b3e11b-f785-4e85-87bf-06afcfff56ea|Campo de Petróleo: Sépia (Santos)|PETRÓLEO BRASILEIRO S.A. - PETROBRAS|33000167000101|20000000000.0|RJ|PETROLEO_GAS
5d90f0de-821f-4a9a-9bd9-fa045e7643e1|Campo de Petróleo: Atapu (Santos)|PETRÓLEO BRASILEIRO S.A. - PETROBRAS|33000167000101|18000000000.0|RJ|PETROLEO_GAS
517a7195-b571-4701-a75f-a83f5f208225|Campo de Petróleo: Sapinhoá (Santos)|PETRÓLEO BRASILEIRO S.A. - PETROBRAS|33000167000101|15000000000.0|RJ|PETROLEO_GAS
648c945f-4c0a-41f2-bc4a-24b5350929db|Campo de Petróleo: Parque das Baleias (Jubarte/Baleia Azul) (Campos)|PETRÓLEO BRASILEIRO S.A. - PETROBRAS|33000167000101|12000000000.0|ES|PETROLEO_GAS
eba629a8-2d3b-4ebd-851e-f8f9b71d9d5f|Ponte Salvador-Itaparica|Concessionária Sistema Rodoviário Ponte Salvador-Ilha de Itaparica S.A.|38327308000119|10400000000|BA|INFRAESTRUTURA
76c414e8-b6c2-4486-8219-2566a0840065|Campo de Petróleo: Júpiter (Pré-sal Gás) (Santos)|PETRÓLEO BRASILEIRO S.A. - PETROBRAS|33000167000101|10000000000.0|RJ|PETROLEO_GAS
067d81ec-9f26-4fec-93ce-a3f2d9ff0ff8|Petrobras (GASLUB)|Petrobras (GASLUB)|33000167000101|9600000000.0|RJ|ENERGIA
31ec2113-bd98-4ecd-bcb6-0689c99aa267|BNDES / Ind. ES|BNDES / Ind. ES|33657248000189|9000000000.0|ES|INDUSTRIAL
7d1ddbd5-c13e-4e76-b488-8bfa965a14da|Duplicação Serra das Araras|Duplicação Serra das Araras|04892707000100|9000000000.0|RJ|INFRAESTRUTURA
32b811c6-7dc5-4044-9c52-ccd2ab747faa|Campo de Petróleo: Marlim Azul (revitalização) (Campos)|PETRÓLEO BRASILEIRO S.A. - PETROBRAS|33000167000101|8000000000.0|RJ|PETROLEO_GAS
333b8feb-2c67-497b-8fec-af64085e1f97|Frigorifico: JBS S/A (1939 SIFs)|JBS S/A|02916265008306|8000000000|AC|FRIGORIFICO
93e9c106-9851-4a26-8ce9-9c70da7746bb|Mineração de FERRO - /PA (Proc. 852145)|VALE S.A.|33592510000154|5785945619.52|PA|MINERACAO
a5a0f770-18b6-4274-a871-284c85b272ae|UHE Itumbiara|CENTRAIS ELETRICAS BRASILEIRAS S.A - ELETROBRAS|00001180000126|5000000000|GO|ENERGIA
0f1d282f-98fa-4364-a69b-927079868d1d|Atividade de armazenamento inicial de rejeitos radioativos de baixo e médio niveis de radiação (NORM)|PETRÓLEO BRASILEIRO S.A. - PETROBRAS|33000167000101|5000000000|RJ|ENERGIA
e875df4c-d986-44ac-b52e-a255f89a1f2d|UHE Peixe Angical|ENERPEIXE S.A.|03983431000103|5000000000|BA|ENERGIA
69be9dd2-e71f-4607-8076-4b47be76726e|UHE Simplício|CENTRAIS ELETRICAS BRASILEIRAS S.A - ELETROBRAS|00001180000126|5000000000|RJ|ENERGIA
fe1f9851-d42c-4f1a-80c7-94b5f188777c|UHE Furnas|CENTRAIS ELETRICAS BRASILEIRAS S.A - ELETROBRAS|00001180000126|5000000000|RJ|ENERGIA
38f94462-989b-4f53-a6ad-6b283fc6d975|UHE Mascarenhas de Moraes|CENTRAIS ELETRICAS BRASILEIRAS SA ELETROBRAS|00001180000126|5000000000|RJ|ENERGIA
84bd2d13-222d-4022-b3f3-aa1291567295|UHE Mascarenhas de Moraes|CENTRAIS ELETRICAS BRASILEIRAS SA ELETROBRAS|00001180000126|5000000000|RJ|ENERGIA
3c16406d-2903-48f9-bd7e-28e18fa77250|UHE Porto Colômbia|CENTRAIS ELETRICAS BRASILEIRAS S.A - ELETROBRAS|00001180000126|5000000000|SP|ENERGIA
1dd935b0-3ec8-409d-aa8c-3b91e2dddd13|UHE Funil|CENTRAIS ELETRICAS BRASILEIRAS S.A - ELETROBRAS|00001180000126|5000000000|RJ|ENERGIA
5464a1cb-0543-4d55-b61e-a6c4a65f15ee|UHE Simplício|CENTRAIS ELETRICAS BRASILEIRAS S.A - ELETROBRAS|00001180000126|5000000000|RJ|ENERGIA
8695b976-f6ec-43bc-a0f8-a5fce1376523|UHE Luiz Carlos Barreto de Carvalho (Estreito)|CENTRAIS ELÉTRICAS BRASILEIRAS SA ELETROBRAS|00001180000126|5000000000|MA|ENERGIA
a459d5ac-242d-4467-9e3e-9a7f5a554404|LT Transmissão: LT 500 kV Arinos 2 - Paracatu 4, C1 e C2, CS, com 2 x 214 km- LT 500 kV Paracatu 4 - Nova Ponte 3, C1 e C2, CS, com 2 x 291 km- LT 500 kV Nova Ponte 3 - Araraquara 2, C1 e C2, CS, com 2 x 307 km- LT 440 kV Araraquara 2 - Araraquara, C3, CS, com 11 km- SE|NEOENERGIA S.A.|01083200000118|4937875196.06|DF|ENERGIA
1b92a807-2589-4fce-8d22-1f7ffe4096a8|Braskem (Expansão Plástico Verde)|Braskem (Expansão Plástico Verde)|42278291000124|3500000000.0|RS|INDUSTRIAL
23527d8d-d773-4044-9c0a-71244c797460|Inpasa LEM|INPASA AGROINDUSTRIAL S/A|29316596000115|3480000000|BA|ENERGIA
5d0addee-7209-45d2-924e-8acd5237dfa3|Desenvolvimento da Produção dos Campos de Tartaruga Verde e Tartaruga Mestiça, Bacia de Campos|PETROLEO BRASILEIRO S A PETROBRAS|33000167000101|3000000000|RJ|ENERGIA
bb821b25-ec17-4ea3-8605-769c8841aef5|Projeto Integrado do Parque das Baleias, Bacia de Campos|PETROLEO BRASILEIRO SA PETROBRAS - UN-ES|33000167000101|3000000000|RJ|ENERGIA
8179b3b9-037a-4b66-bd3c-8275d85e45f4|Termo de Ajustamento de Conduta - TAC - Atividades de Produção - Bacias RN/CE|PETRÓLEO BRASILEIRO S/A - PETROBRÁS|33000167000101|3000000000|CE|ENERGIA
5124364b-71db-4f3c-8379-33b36d6eca43|Atividade de Produção e Escoamento de Petroleo e Gás Natural - Bacia de Santos  - Etapa 3|PETRÓLEO BRASILEIRO S.A.|33000167000101|3000000000|SP|ENERGIA
1b3c5d2e-a1e8-4ade-bd49-b6c145a4b59b|Frigorifico: SEARA ALIMENTOS LTDA (2264 SIFs)|SEARA ALIMENTOS LTDA|02914460020500|3000000000|BA|FRIGORIFICO
c57b2632-0984-4c2e-9e94-c89e7784dc80|Referente à regularização do licenciamento ambiental dos Sistemas de produção de petróleo e gás natural de Garoupa (PGP-1), Namorado (PNA-1 e PNA-2), Cherne (PCH-1 e PCH-2) e Corvina (P-09), na bacia|PETROLEO BRASILEIRO S A PETROBRAS|33000167000101|3000000000|RJ|ENERGIA
a844e864-2b32-4335-877c-a38bddb1f707|Referente à regularização do licenciamento ambiental dos Sistemas de produção de petróleo e gás natural de Garoupa (PGP-1), Namorado (PNA-1 e PNA-2), Cherne (PCH-1 e PCH-2) e Corvina (P-09), na bacia|PETROLEO BRASILEIRO S A PETROBRAS|33000167000101|3000000000|RJ|ENERGIA
2ecc728c-d9ca-43dd-8ec1-0b17c7d2e877|Produção e Escoamento de Petróleo e Gás Natural do Polo Pré-Sal da Bacia de Santos Etapa 4|PETROLEO BRASILEIRO S/A - PETROBRAS|33000167000101|3000000000|SP|ENERGIA
ee2f9872-9e23-4695-88db-1188f07d378d|Projeto de Revitalização dos Campos Marítimos Maduros de Marlim e Voador, Bacia de Campos|PETROLEO BRASILEIRO S A PETROBRAS|33000167000101|3000000000|RJ|ENERGIA
adefd18d-3c4e-4980-973a-af4b97967d46|Atividade de Produção e Escoamento de Petroleo e Gás Natural - Bacia de Santos  - Etapa 3|PETRÓLEO BRASILEIRO S.A.|33000167000101|3000000000|SP|ENERGIA
d49c9bd3-3b1c-4b44-abdd-e50aedd57e2f|Atividade de Produção e Escoamento de Petroleo e Gás Natural - Bacia de Santos  - Etapa 3|PETRÓLEO BRASILEIRO S.A.|33000167000101|3000000000|SP|ENERGIA
644da275-3149-4492-9d48-c3e2508bf404|Petrobras (Replan)|Petrobras (Replan)|33000167000101|3000000000.0|SP|ENERGIA
1e1df536-8876-46ad-a115-e51edcdd709a|Sistema de Produção de Petróleo e Gás - Parque das Baleias - Bacia de Campos|PETROLEO BRASILEIRO S A PETROBRAS|33000167000101|3000000000|RJ|ENERGIA
bbe96610-817b-4b22-9083-7629ed506988|Projeto de Revitalização dos Campos Marítimos Maduros de Marlim e Voador, Bacia de Campos|PETROLEO BRASILEIRO S A PETROBRAS|33000167000101|3000000000|RJ|ENERGIA
e14c5c6a-f144-48d5-b28b-dbc5fc5af334|Projeto Integrado do Parque das Baleias, Bacia de Campos|PETROLEO BRASILEIRO SA PETROBRAS - UN-ES|33000167000101|3000000000|RJ|ENERGIA
4ed3bb4e-c5de-44c7-9304-31624993dd88|ACOMPANHAMENTO DE LICENÇA DE OPERAÇÃO DAS PLATAFORMAS P-25 e P-31, CAMPO DE ALBACORA, BC|PETROBRAS - PETRÓLEO BRASILEIRO S.A.|33000167000101|3000000000|RJ|ENERGIA
82d098ab-d70f-4de6-b3bd-54d8deaa03ff|Sistema de Produção de Petróleo e Gás Natural - Campo de Biquara - Bacia Potiguar|PETRÓLEO BRASILEIRO S/A - PETROBRÁS|33000167000101|3000000000|RJ|ENERGIA
(50 rows)
